"Manufacturer","Part Number","Ref","Qty Single Board","Description","Batch Size","Qty Total Batch","Customer Stock","Value","Footprint"
"Murata","GRM188R61A226ME15D","C1,C33,C34,C76,C78,C87,C93","7","Unpolarized capacitor","5","35","0","22uF","robot:C_0603_1608Metric"
"Murata","GRM1555C1H270JA01J","C2,C3,C18,C19,C45,C46","6","Unpolarized capacitor","5","30","0","27pF","robot:C_0402_1005Metric"
"Murata","GRM155R61E105KA12D","C4,C8,C10,C21,C22,C29,C47,C48,C50,C51,C52,C53,C54,C55,C69,C88,C94,C95,C105,C126","20","Unpolarized capacitor","5","100","10","1uF","robot:C_0402_1005Metric"
"Murata","GRM155R62A104KE14D","C5,C6,C7,C9,C11,C12,C13,C14,C15,C16,C24,C32,C35,C36,C37,C38,C39,C40,C41,C44,C57,C58,C59,C60,C61,C62,C63,C64,C65,C66,C70,C71,C72,C73,C85,C92,C102,C103,C104,C113,C114,C116,C119,C121","44","Unpolarized capacitor","5","220","0","0.1uF","robot:C_0402_1005Metric"
"Murata","GRM188R61E106KA73J","C17,C20,C25,C27,C42,C43,C67,C68,C75,C77,C80,C129,C130,C132,C134,C136","16","Unpolarized capacitor","5","80","0","10uF","robot:C_0603_1608Metric"
"Murata","GRM188R61E475KE11D","C23,C97,C100,C101,C124","5","Unpolarized capacitor","5","25","0","4.7uF","robot:C_0603_1608Metric"
"Samsung","CL10B474KO8NNNC","C26,C56","2","Unpolarized capacitor","5","10","0","0.47uF","robot:C_0603_1608Metric"
"Samsung","CL10A225KP8NNNC","C28,C49","2","Unpolarized capacitor","5","10","0","2.2uF","robot:C_0603_1608Metric"
"Samsung","CL10B224KA8NNNC","C30,C31","2","Unpolarized capacitor","5","10","0","0.22uF","robot:C_0603_1608Metric"
"Samsung Electro-Mechanics","CL21A476MRYNNNE","C81","1","Unpolarized capacitor","5","5","0","47uF","robot:C_0805_2012Metric"
"Murata","GRM31CD80J107MEA8K","C82,C83,C109,C125,C127","5","Unpolarized capacitor","5","25","20","100uF","robot:C_1206_3216Metric"
"WÃ¼rth Elektronik","885012205067","C84,C115,C118","3","Unpolarized capacitor","5","15","0","10nF","robot:C_0402_1005Metric"
"Murata","GRM155R71H223KA12J","C110,C117,C120","3","Unpolarized capacitor","5","15","0","22nF","robot:C_0402_1005Metric"
"Murata","GCM155R71H152KA37D","C111","1","Unpolarized capacitor","5","5","0","1.5nF","robot:C_0402_1005Metric"
"Murata","GCM155R71H332KA37J","C112,C122","2","Unpolarized capacitor","5","10","0","3.3nF","robot:C_0402_1005Metric"
"Murata","GRM155R71H473KE14D","C123,C128","2","Unpolarized capacitor","5","10","0","47nF","robot:C_0402_1005Metric"
"Cal-Chip Electronics, Inc.","GMC32X5R107M16NT","C131,C137","2","Unpolarized capacitor","5","10","0","100uF","robot:C_1210_3225Metric"
"Harvatek Corporation","B12H1USD-20D000234U1930","D1","1","Light emitting diode","5","5","0","LED-RED","robot:B12H1UYG-20D000134U1930"
"Harvatek Corporation","B12H1UYG-20D000134U1930","D2","1","Light emitting diode","5","5","0","LED-YG","robot:B12H1UYG-20D000134U1930"
"Harvatek Corporation","B12H1UY--20D000134U1930","D3","1","Light emitting diode","5","5","0","LED-Amber","robot:B12H1UYG-20D000134U1930"
"Littelfuse Inc.","SMF13A","D4,D6,D10","3","Zener diode","5","15","0","SMF13A","robot:D_SOD-123F"
"Harvatek Corporation","B12H1NG--20D000134U1930","D5","1","Light emitting diode","5","5","0","LED-GREEN","robot:B12H1UYG-20D000134U1930"
"KYOCERA AVX","SD2114S040S8R0","D7","1","","5","5","0","D_Schottky","robot:SD2114S040S8R0"
"Diodes Incorporated","1N4448HLP-7","D9,D11","2","Diode","5","10","0","IN4448HLP","robot:D_0402_1005Metric"
"Texas Instruments","TPS22998RYZR","IC1","1","Power Switch ICs - Power Distribution","5","5","0","TPS22998RYZR","robot:TPS22998RYZR"
"Amphenol Commercial Products","12401610E4#2A","J1","1","","5","5","0","USBC_Receptacle_SMD_RA","robot:CON_USB3.1-C_RCPT_SMD_RA_ACP_12401610E4#2A"
"Adam Tech","PH1-05-UA","J2","1","Generic connector, single row, 01x05, script generated (kicad-library-utils/schlib/autogen/connector/)","5","5","0","Conn_01x05","robot:PinSocket_1x05_P2.54mm_Vertical"
"JST","B6B-ZR-SM4-TF","J3,J5","2","Generic connectable mounting pin connector, single row, 01x06, script generated (kicad-library-utils/schlib/autogen/connector/)","5","10","0","Conn_01x06_MountingPin","robot:CONN_B6B-ZR-SM4-TF_JST"
"GCT","USB4151-GF-C","J4","1","","5","5","0","USB4151-GF-C","robot:GCT_USB4151-GF-C_REVA"
"TAIYO YUDEN","NRS6028T1R5NMGJ","L1,L3","2","Inductor","5","10","0","1.5uH","robot:NRS6028T1R5NMGJ"
"Vishay","IHLP2020BZERR47M01","L2,L4","2","Inductor symbol for simulation only","5","10","0","0.47uH","robot:Vishay-IHLP-2020BZ-FP_1.905x2.79-3D_2.0-0-0-MFG"
"ANBON SEMICONDUCTOR (INT'L) LIMITED","BSS138","Q1,Q7","2","N-MOSFET transistor, gate/source/drain","5","10","0","Q_NMOS_GDS","robot:SOT-23"
"ON Semiconductor","EFC8811R-TF","Q2","1","EFC8811R-TF","5","5","19","EFC8811R-TF","robot:ON_Semiconductor-568AL-10_2013-O-MFG"
"ANBON SEMICONDUCTOR (INT'L) LIMITED","AS2312","Q3","1","20V Vds, 0.63 Id, N-Channel MOSFET with ESD protection, SOT-523","5","5","0","AS2312","robot:SOT-23"
"Yangjie Electronic Technology ","YJL3416A","Q4","1","20V Vds, 0.63 Id, N-Channel MOSFET with ESD protection, SOT-523","5","5","0","YJL3416A","robot:SOT-23"
"Texas Instruments","SN74AHC125RGYR","Q5,Q6","2","Buffer/Line Driver 4-CH Non-Inverting 3-ST CMOS 14-Pin VQFN EP T/R","5","10","39","SN74AHC125RGYR","robot:SN74AHC125RGYR"
"Walsin Technologies","WR04X102 JTL","R1,R5,R46,R47,R50","5","Resistor","5","25","0","1k","robot:R_0402_1005Metric"
"Stackpole Electronics","RMCF0402JT27R0","R3,R4","2","Resistor","5","10","0","27","robot:R_0402_1005Metric"
"Yageo","RC0402FR-1310RL","R6,R7,R32,R33,R41,R42","6","Resistor","5","30","0","10","robot:R_0402_1005Metric"
"Stackpole Electronics","RMCF0603JT47K0","R8,R18","2","Resistor","5","10","0","47K","robot:R_0603_1608Metric"
"Stackpole Electronics","RMCF0402FT80K6","R9","1","Resistor","5","5","0","80.6k","robot:R_0402_1005Metric"
"Stackpole Electronics","RMCF0805ZT0R00","R11,R52,R54,R67,R68,R69,R70,R71,R72,R73,R74,R77,R78","13","Resistor","5","65","0","0","robot:R_0805_2012Metric"
"Walsin Technology","WR06X1003FTL","R12,R17,R49,R59,R60,R61,R89,R99","8","Resistor","5","40","0","100k","robot:R_0603_1608Metric"
"Stackpole Electronics","RMCF0603JT2K20","R14,R15,R20,R21,R34,R35","6","Resistor","5","30","0","2.2k","robot:R_0603_1608Metric"
"Stackpole Electronics","RMCF0603JT510K","R16","1","Resistor","5","5","0","510k","robot:R_0603_1608Metric"
"Stackpole Electronics","RMCF0603JT200K","R19,R36","2","Resistor","5","10","0","200k","robot:R_0603_1608Metric"
"Stackpole Electronics","RMCF0603JT100R","R22,R23,R24,R25,R56,R58,R97","7","Resistor","5","35","0","100","robot:R_0603_1608Metric"
"Walsin Technology","WR06X1002FTL","R28,R31,R96,R102","4","Resistor","5","20","0","10k","robot:R_0603_1608Metric"
"Panasonic","ERJ-3RQJR39V","R29,R30","2","Resistor","5","10","10","0.39","robot:R_0603_1608Metric"
"Panasonic","ERJ-3EKF6493V","R37,R39","2","Resistor","5","10","0","649k","robot:R_0603_1608Metric"
"Stackpole Electronics","RMCF0603JT120K","R38,R40","2","Resistor","5","10","0","120k","robot:R_0603_1608Metric"
"Panasonic","ERJ-PA3J201V","R43,R45,R103,R104","4","Resistor","5","20","0","200","robot:R_0603_1608Metric"
"Yageo","PA0805FRF470R005L","R44","1","Resistor","5","5","0","5m","robot:R_0805_2012Metric"
"Stackpole Electronics","RMCF0603FT2K00","R48","1","Resistor","5","5","0","2k","robot:R_0603_1608Metric"
"Panasonic","ERJ-8CWJR010V","R51","1","Resistor","5","5","0","10m","robot:R_1206_3216Metric"
"Stackpole Electronics","RMCF0603FT113K","R53","1","Resistor","5","5","0","113K","robot:R_0603_1608Metric"
"Stackpole Electronics","RMCF0603FT14K0","R55","1","Resistor","5","5","0","14k","robot:R_0603_1608Metric"
"Stackpole Electronics","RMCF0603ZT0R00","R57,R75,R76,R79,R82,R83,R84,R85,R86,R87,R88,R90,R91,R92,R93,R94","16","Resistor","5","80","15","0","robot:R_0603_1608Metric"
"Stackpole Electronics","RMCF0603FT16K0","R62","1","Resistor","5","5","100","16k","robot:R_0603_1608Metric"
"Stackpole Electronics","RMCF0603JT5K10","R63,R64","2","Resistor","5","10","0","5.1k","robot:R_0603_1608Metric"
"Yageo","AC0603JR-0710ML","R65","1","Resistor","5","5","0","10M","robot:R_0603_1608Metric"
"Stackpole Electronics","RMCF0603ZT0R00","R95","1","Resistor","5","5","0","0","robot:R_0603_1608Metric_3pin_Switch"
"YAGEO","RC0402FR-13150KL","R98","1","Resistor","5","5","0","150k","robot:R_0402_1005Metric"
"YAGEO","RC0402FR-07220KL","R100","1","Resistor","5","5","0","220k","robot:R_0402_1005Metric"
"YAGEO","RC0402FR-136K8L","R101","1","Resistor","5","5","0","6.8k","robot:R_0402_1005Metric"
"C&K","PTS815 SJM 250 SMTR LFS","S2","1","E-SWITCH - TL3305AF260QG - TACTILE SW, SPST, 0.05A, 12VDC, SOLDER","5","5","0","PTS815 SJM 250 SMTR LFS","robot:SW4_PTS815 SJM 250 SMTR LFS_CNK"
"C&K","JS202011JCQN","S3,S4","2","SWITCH SLIDE DPDT 300MA 6V","5","10","0","JS202011JCQN","robot:SW_JS202011JCQN"
"Molex","0533980271","SW1","1","Single Pole Single Throw (SPST) switch","5","5","0","SW_SPST","robot:MOLEX_picoblade_SMT_2pin"
"Murata","NCU15WF104J6SRC","TH2","1","Temperature dependent resistor","5","5","0","100k","robot:R_0402_1005Metric"
"KOA Speer Electronics, Inc.","RCUCTE","TP1,TP2,TP3,TP4,TP5,TP6,TP7,TP8,TP9,TP10,TP11,TP13,TP14,TP15,TP16,TP17,TP18,TP19,TP20,TP21,TP22,TP23,TP24,TP26,TP27,TP33","26","test point","5","130","0","SMD_0603","robot:TestPoint_SMD_0603"
"Keystone Electronics","5002","TP30,TP34,TP39,TP40,TP41,TP42,TP43","7","test point","5","35","0","TestPoint","robot:KEYSTONE_5002"
"STMicroelectronics","STWLC38JRM","U1","1","Qi-compliant inductive wireless power receiver for 15W applications","5","5","0","STWLC38JRM","robot:BGA40C40P5X8_213X333X57"
"Winbond","W25Q128JVSIQ","U2","1","128Mb Serial Flash Memory, Standard/Dual/Quad SPI, SOIC-8","5","5","0","W25Q128JVS","robot:SOIC-8_5.23x5.23mm_P1.27mm"
"Raspberry Pi","SC0914(13)","U3","1","","5","5","0","RP2040","robot:RP2040-QFN-56"
"onsemi","NCP3901FCCT1G","U4","1","","5","5","19","NCP3901","robot:NCP3901"
"Texas Instruments","LSF0102DCTR","U5","1","Dual bidirectional multi-voltage level translator","5","5","19","LSF0102DCTR","robot:SOP65P400X130-8N"
"Maxim","MAX77857BEWB+","U6","1","","5","5","19","MAX77857BEWB+","robot:WLP-35_7x5_2.828x2.028mm"
"Diodes Inc.","AP2502KTR-G1","U7","1","","5","5","0","AP2502KTR-G1","robot:SOT95P280X145-6N"
"Texas Instruments","DRV8830DRCR","U8,U9","2","DC Motor Driver I2C Control","5","10","44","DRV8830DRCR","robot:IC_DRV8830DRCR"
"Maxim","MAX77958EWV+T","U11","1","USB-PD Controller","5","5","19","MAX77958EWV+T","robot:MAX77958EWV&plus_T"
"Texas Instruments","BQ27742YZFR-G1","U12","1","BQ27742YZFR-G1","5","5","19","BQ27742YZFR-G1","robot:Texas_Instruments-YZF0015-0-0-MFG"
"Maxim","MAX77976EFD+","U13","1","","5","5","19","MAX77976EFD+","robot:MAX77976"
"Maxim","MAX77642ANA+","U14","1","MAX77642ANA+","5","5","19","MAX77642ANA+","robot:Maxim-N252B2-1-0-A-MFG"
"Texas Instruments","TPD1E05U06DPYR","U15,U19,U20,U21,U22,U23,U26,U27,U28,U29","10","","5","50","0","TPD1E05U06","robot:TPD1E05U06DPYR"
"onsemi","fpf1048bucx","U16","1","","5","5","0","fpf1048bucx","robot:BGA6N50P3X2_146X96X62N"
"Texas Instruments","TPS61253AYFFT","U17","1","TPS6125xA 3.8-MHz, 5-V / 4-A Boost in 1.2-mm x 1.3-mm WCSP","5","5","0","TPS61253AYFFT","robot:Texas_Instruments-YFF0009-BGA9C40P3X3_119X129X62"
"Diodes Inc.","AP33771DKZ-13","U18","1","Diodes Inc. ACDC Decoder W-QFN4040-24 T&R 3K","5","5","19","AP33771DKZ-13","robot:AP33771DKZ13"
"Texas Instruments","TVS0500DRVR","U24,U25","2","Flat-Clamp Surge Protection Device. 5Vrwm, WSON-6","5","10","0","TVS0500DRV","robot:TVS0500DRVR"
"ECS Inc.","ECS-120-8-36-CKM-TR3","Y1","1","Two pin crystal","5","5","0","ECS-120-8-36-CKM-TR3","robot:XTAL_ECS-120-8-36-CKM-TR3"
