"Item #","Designator","Qty","Manufacturer","Mfg Part #","Description / Value","Package/Footprint","Type","Your Instruction / Notes","Customer Supply"
"1","C1,C33,C34,C76,C78,C87,C93","7","Murata","GRM188R61A226ME15D","Unpolarized capacitor","robot:C_0603_1608Metric","SMD","Unpolarized capacitor","0"
"2","C2,C3,C18,C19,C45,C46","6","Murata","GRM1555C1H270JA01J","Unpolarized capacitor","robot:C_0402_1005Metric","SMD","Unpolarized capacitor","0"
"3","C4,C8,C10,C21,C22,C29,C47,C48,C50,C51,C52,C53,C54,C55,C69,C88,C94,C95,C105,C126","20","Murata","GRM155R61E105KA12D","Unpolarized capacitor","robot:C_0402_1005Metric","SMD","Unpolarized capacitor","10"
"4","C5,C6,C7,C9,C11,C12,C13,C14,C15,C16,C24,C32,C35,C36,C37,C38,C39,C40,C41,C44,C57,C58,C59,C60,C61,C62,C63,C64,C65,C66,C70,C71,C72,C73,C85,C92,C102,C103,C104,C113,C114,C116,C119,C121","44","Murata","GRM155R62A104KE14D","Unpolarized capacitor","robot:C_0402_1005Metric","SMD","Unpolarized capacitor","0"
"5","C17,C20,C25,C27,C42,C43,C67,C68,C75,C77,C80,C129,C130,C132,C134,C136","16","Murata","GRM188R61E106KA73J","Unpolarized capacitor","robot:C_0603_1608Metric","SMD","Unpolarized capacitor","0"
"6","C23,C97,C100,C101,C124","5","Murata","GRM188R61E475KE11D","Unpolarized capacitor","robot:C_0603_1608Metric","SMD","Unpolarized capacitor","0"
"7","C26,C56","2","Samsung","CL10B474KO8NNNC","Unpolarized capacitor","robot:C_0603_1608Metric","SMD","Unpolarized capacitor","0"
"8","C28,C49","2","Samsung","CL10A225KP8NNNC","Unpolarized capacitor","robot:C_0603_1608Metric","SMD","Unpolarized capacitor","0"
"9","C30,C31","2","Samsung","CL10B224KA8NNNC","Unpolarized capacitor","robot:C_0603_1608Metric","SMD","Unpolarized capacitor","0"
"10","C81","1","Samsung Electro-Mechanics","CL21A476MRYNNNE","Unpolarized capacitor","robot:C_0805_2012Metric","SMD","Unpolarized capacitor","0"
"11","C82,C83,C109,C125,C127","5","Murata","GRM31CD80J107MEA8K","Unpolarized capacitor","robot:C_1206_3216Metric","SMD","Unpolarized capacitor","20"
"12","C84,C115,C118","3","WÃ¼rth Elektronik","885012205067","Unpolarized capacitor","robot:C_0402_1005Metric","SMD","Unpolarized capacitor","0"
"13","C110,C117,C120","3","Murata","GRM155R71H223KA12J","Unpolarized capacitor","robot:C_0402_1005Metric","SMD","Unpolarized capacitor","0"
"14","C111","1","Murata","GCM155R71H152KA37D","Unpolarized capacitor","robot:C_0402_1005Metric","SMD","Unpolarized capacitor","0"
"15","C112,C122","2","Murata","GCM155R71H332KA37J","Unpolarized capacitor","robot:C_0402_1005Metric","SMD","Unpolarized capacitor","0"
"16","C123,C128","2","Murata","GRM155R71H473KE14D","Unpolarized capacitor","robot:C_0402_1005Metric","SMD","Unpolarized capacitor","0"
"17","C131,C137","2","Cal-Chip Electronics, Inc.","GMC32X5R107M16NT","Unpolarized capacitor","robot:C_1210_3225Metric","SMD","Unpolarized capacitor","0"
"18","D1","1","Harvatek Corporation","B12H1USD-20D000234U1930","Light emitting diode","robot:B12H1UYG-20D000134U1930","SMD","Light emitting diode","0"
"19","D2","1","Harvatek Corporation","B12H1UYG-20D000134U1930","Light emitting diode","robot:B12H1UYG-20D000134U1930","SMD","Light emitting diode","0"
"20","D3","1","Harvatek Corporation","B12H1UY--20D000134U1930","Light emitting diode","robot:B12H1UYG-20D000134U1930","SMD","Light emitting diode","0"
"21","D4,D6,D10","3","Littelfuse Inc.","SMF13A","Zener diode","robot:D_SOD-123F","SMD","Zener diode","0"
"22","D5","1","Harvatek Corporation","B12H1NG--20D000134U1930","Light emitting diode","robot:B12H1UYG-20D000134U1930","SMD","Light emitting diode","0"
"23","D7","1","KYOCERA AVX","SD2114S040S8R0","","robot:SD2114S040S8R0","SMD","","0"
"24","D9,D11","2","Diodes Incorporated","1N4448HLP-7","Diode","robot:D_0402_1005Metric","SMD","Diode","0"
"25","IC1","1","Texas Instruments","TPS22998RYZR","Power Switch ICs - Power Distribution","robot:TPS22998RYZR","SMD","Power Switch ICs - Power Distribution","0"
"26","J1","1","Amphenol Commercial Products","12401610E4#2A","","robot:CON_USB3.1-C_RCPT_SMD_RA_ACP_12401610E4#2A","Mixed (SMD/THT)","","0"
"27","J2","1","Adam Tech","PH1-05-UA","Generic connector, single row, 01x05, script generated (kicad-library-utils/schlib/autogen/connector/)","robot:PinSocket_1x05_P2.54mm_Vertical","SMD","Generic connector, single row, 01x05, script generated (kicad-library-utils/schlib/autogen/connector/)","0"
"28","J3,J5","2","JST","B6B-ZR-SM4-TF","Generic connectable mounting pin connector, single row, 01x06, script generated (kicad-library-utils/schlib/autogen/connector/)","robot:CONN_B6B-ZR-SM4-TF_JST","SMD","Generic connectable mounting pin connector, single row, 01x06, script generated (kicad-library-utils/schlib/autogen/connector/)","0"
"29","J4","1","GCT","USB4151-GF-C","","robot:GCT_USB4151-GF-C_REVA","Mixed (SMD/THT)","","0"
"30","L1,L3","2","TAIYO YUDEN","NRS6028T1R5NMGJ","Inductor","robot:NRS6028T1R5NMGJ","SMD","Inductor","0"
"31","L2,L4","2","Vishay","IHLP2020BZERR47M01","Inductor symbol for simulation only","robot:Vishay-IHLP-2020BZ-FP_1.905x2.79-3D_2.0-0-0-MFG","SMD","Inductor symbol for simulation only","0"
"32","Q1,Q7","2","ANBON SEMICONDUCTOR (INT'L) LIMITED","BSS138","N-MOSFET transistor, gate/source/drain","robot:SOT-23","SMD","N-MOSFET transistor, gate/source/drain","0"
"33","Q2","1","ON Semiconductor","EFC8811R-TF","EFC8811R-TF","robot:ON_Semiconductor-568AL-10_2013-O-MFG","SMD","EFC8811R-TF","19"
"34","Q3","1","ANBON SEMICONDUCTOR (INT'L) LIMITED","AS2312","20V Vds, 0.63 Id, N-Channel MOSFET with ESD protection, SOT-523","robot:SOT-23","SMD","20V Vds, 0.63 Id, N-Channel MOSFET with ESD protection, SOT-523","0"
"35","Q4","1","Yangjie Electronic Technology ","YJL3416A","20V Vds, 0.63 Id, N-Channel MOSFET with ESD protection, SOT-523","robot:SOT-23","SMD","20V Vds, 0.63 Id, N-Channel MOSFET with ESD protection, SOT-523","0"
"36","Q5,Q6","2","Texas Instruments","SN74AHC125RGYR","Buffer/Line Driver 4-CH Non-Inverting 3-ST CMOS 14-Pin VQFN EP T/R","robot:SN74AHC125RGYR","SMD","Buffer/Line Driver 4-CH Non-Inverting 3-ST CMOS 14-Pin VQFN EP T/R","39"
"37","R1,R5,R46,R47,R50","5","Walsin Technologies","WR04X102 JTL","Resistor","robot:R_0402_1005Metric","SMD","Resistor","0"
"38","R3,R4","2","Stackpole Electronics","RMCF0402JT27R0","Resistor","robot:R_0402_1005Metric","SMD","Resistor","0"
"39","R6,R7,R32,R33,R41,R42","6","Yageo","RC0402FR-1310RL","Resistor","robot:R_0402_1005Metric","SMD","Resistor","0"
"40","R8,R18","2","Stackpole Electronics","RMCF0603JT47K0","Resistor","robot:R_0603_1608Metric","SMD","Resistor","0"
"41","R9","1","Stackpole Electronics","RMCF0402FT80K6","Resistor","robot:R_0402_1005Metric","SMD","Resistor","0"
"42","R11,R52,R54,R67,R68,R69,R70,R71,R72,R73,R74,R77,R78","13","Stackpole Electronics","RMCF0805ZT0R00","Resistor","robot:R_0805_2012Metric","SMD","Resistor","0"
"43","R12,R17,R49,R59,R60,R61,R89,R99","8","Walsin Technology","WR06X1003FTL","Resistor","robot:R_0603_1608Metric","SMD","Resistor","0"
"44","R14,R15,R20,R21,R34,R35","6","Stackpole Electronics","RMCF0603JT2K20","Resistor","robot:R_0603_1608Metric","SMD","Resistor","0"
"45","R16","1","Stackpole Electronics","RMCF0603JT510K","Resistor","robot:R_0603_1608Metric","SMD","Resistor","0"
"46","R19,R36","2","Stackpole Electronics","RMCF0603JT200K","Resistor","robot:R_0603_1608Metric","SMD","Resistor","0"
"47","R22,R23,R24,R25,R56,R58,R97","7","Stackpole Electronics","RMCF0603JT100R","Resistor","robot:R_0603_1608Metric","SMD","Resistor","0"
"48","R28,R31,R96,R102","4","Walsin Technology","WR06X1002FTL","Resistor","robot:R_0603_1608Metric","SMD","Resistor","0"
"49","R29,R30","2","Panasonic","ERJ-3RQJR39V","Resistor","robot:R_0603_1608Metric","SMD","Resistor","10"
"50","R37,R39","2","Panasonic","ERJ-3EKF6493V","Resistor","robot:R_0603_1608Metric","SMD","Resistor","0"
"51","R38,R40","2","Stackpole Electronics","RMCF0603JT120K","Resistor","robot:R_0603_1608Metric","SMD","Resistor","0"
"52","R43,R45,R103,R104","4","Panasonic","ERJ-PA3J201V","Resistor","robot:R_0603_1608Metric","SMD","Resistor","0"
"53","R44","1","Yageo","PA0805FRF470R005L","Resistor","robot:R_0805_2012Metric","SMD","Resistor","0"
"54","R48","1","Stackpole Electronics","RMCF0603FT2K00","Resistor","robot:R_0603_1608Metric","SMD","Resistor","0"
"55","R51","1","Panasonic","ERJ-8CWJR010V","Resistor","robot:R_1206_3216Metric","SMD","Resistor","0"
"56","R53","1","Stackpole Electronics","RMCF0603FT113K","Resistor","robot:R_0603_1608Metric","SMD","Resistor","0"
"57","R55","1","Stackpole Electronics","RMCF0603FT14K0","Resistor","robot:R_0603_1608Metric","SMD","Resistor","0"
"58","R57,R75,R76,R79,R82,R83,R84,R85,R86,R87,R88,R90,R91,R92,R93,R94","16","Stackpole Electronics","RMCF0603ZT0R00","Resistor","robot:R_0603_1608Metric","SMD","Resistor","15"
"59","R62","1","Stackpole Electronics","RMCF0603FT16K0","Resistor","robot:R_0603_1608Metric","SMD","Resistor","100"
"60","R63,R64","2","Stackpole Electronics","RMCF0603JT5K10","Resistor","robot:R_0603_1608Metric","SMD","Resistor","0"
"61","R65","1","Yageo","AC0603JR-0710ML","Resistor","robot:R_0603_1608Metric","SMD","Resistor","0"
"62","R95","1","Stackpole Electronics","RMCF0603ZT0R00","Resistor","robot:R_0603_1608Metric_3pin_Switch","SMD","Resistor","0"
"63","R98","1","YAGEO","RC0402FR-13150KL","Resistor","robot:R_0402_1005Metric","SMD","Resistor","0"
"64","R100","1","YAGEO","RC0402FR-07220KL","Resistor","robot:R_0402_1005Metric","SMD","Resistor","0"
"65","R101","1","YAGEO","RC0402FR-136K8L","Resistor","robot:R_0402_1005Metric","SMD","Resistor","0"
"66","S2","1","C&K","PTS815 SJM 250 SMTR LFS","E-SWITCH - TL3305AF260QG - TACTILE SW, SPST, 0.05A, 12VDC, SOLDER","robot:SW4_PTS815 SJM 250 SMTR LFS_CNK","SMD","E-SWITCH - TL3305AF260QG - TACTILE SW, SPST, 0.05A, 12VDC, SOLDER","0"
"67","S3,S4","2","C&K","JS202011JCQN","SWITCH SLIDE DPDT 300MA 6V","robot:SW_JS202011JCQN","SMD","SWITCH SLIDE DPDT 300MA 6V","0"
"68","SW1","1","Molex","0533980271","Single Pole Single Throw (SPST) switch","robot:MOLEX_picoblade_SMT_2pin","SMD","Single Pole Single Throw (SPST) switch","0"
"69","TH2","1","Murata","NCU15WF104J6SRC","Temperature dependent resistor","robot:R_0402_1005Metric","SMD","Temperature dependent resistor","0"
"70","TP1,TP2,TP3,TP4,TP5,TP6,TP7,TP8,TP9,TP10,TP11,TP13,TP14,TP15,TP16,TP17,TP18,TP19,TP20,TP21,TP22,TP23,TP24,TP26,TP27,TP33","26","KOA Speer Electronics, Inc.","RCUCTE","test point","robot:TestPoint_SMD_0603","SMD","test point","0"
"71","TP30,TP34,TP39,TP40,TP41,TP42,TP43","7","Keystone Electronics","5002","test point","robot:KEYSTONE_5002","THT","test point","0"
"72","U1","1","STMicroelectronics","STWLC38JRM","Qi-compliant inductive wireless power receiver for 15W applications","robot:BGA40C40P5X8_213X333X57","SMD","Qi-compliant inductive wireless power receiver for 15W applications","0"
"73","U2","1","Winbond","W25Q128JVSIQ","128Mb Serial Flash Memory, Standard/Dual/Quad SPI, SOIC-8","robot:SOIC-8_5.23x5.23mm_P1.27mm","SMD","128Mb Serial Flash Memory, Standard/Dual/Quad SPI, SOIC-8","0"
"74","U3","1","Raspberry Pi","SC0914(13)","","robot:RP2040-QFN-56","SMD","","0"
"75","U4","1","onsemi","NCP3901FCCT1G","","robot:NCP3901","SMD","","19"
"76","U5","1","Texas Instruments","LSF0102DCTR","Dual bidirectional multi-voltage level translator","robot:SOP65P400X130-8N","SMD","Dual bidirectional multi-voltage level translator","19"
"77","U6","1","Maxim","MAX77857BEWB+","","robot:WLP-35_7x5_2.828x2.028mm","SMD","","19"
"78","U7","1","Diodes Inc.","AP2502KTR-G1","","robot:SOT95P280X145-6N","SMD","","0"
"79","U8,U9","2","Texas Instruments","DRV8830DRCR","DC Motor Driver I2C Control","robot:IC_DRV8830DRCR","SMD","DC Motor Driver I2C Control","44"
"80","U11","1","Maxim","MAX77958EWV+T","USB-PD Controller","robot:MAX77958EWV&plus_T","SMD","USB-PD Controller","19"
"81","U12","1","Texas Instruments","BQ27742YZFR-G1","BQ27742YZFR-G1","robot:Texas_Instruments-YZF0015-0-0-MFG","SMD","BQ27742YZFR-G1","19"
"82","U13","1","Maxim","MAX77976EFD+","","robot:MAX77976","SMD","","19"
"83","U14","1","Maxim","MAX77642ANA+","MAX77642ANA+","robot:Maxim-N252B2-1-0-A-MFG","SMD","MAX77642ANA+","19"
"84","U15,U19,U20,U21,U22,U23,U26,U27,U28,U29","10","Texas Instruments","TPD1E05U06DPYR","","robot:TPD1E05U06DPYR","SMD","","0"
"85","U16","1","onsemi","fpf1048bucx","","robot:BGA6N50P3X2_146X96X62N","SMD","","0"
"86","U17","1","Texas Instruments","TPS61253AYFFT","TPS6125xA 3.8-MHz, 5-V / 4-A Boost in 1.2-mm x 1.3-mm WCSP","robot:Texas_Instruments-YFF0009-BGA9C40P3X3_119X129X62","SMD","TPS6125xA 3.8-MHz, 5-V / 4-A Boost in 1.2-mm x 1.3-mm WCSP","0"
"87","U18","1","Diodes Inc.","AP33771DKZ-13","Diodes Inc. ACDC Decoder W-QFN4040-24 T&R 3K","robot:AP33771DKZ13","SMD","Diodes Inc. ACDC Decoder W-QFN4040-24 T&R 3K","19"
"88","U24,U25","2","Texas Instruments","TVS0500DRVR","Flat-Clamp Surge Protection Device. 5Vrwm, WSON-6","robot:TVS0500DRVR","SMD","Flat-Clamp Surge Protection Device. 5Vrwm, WSON-6","0"
"89","Y1","1","ECS Inc.","ECS-120-8-36-CKM-TR3","Two pin crystal","robot:XTAL_ECS-120-8-36-CKM-TR3","SMD","Two pin crystal","0"
