"#","Reference","Qty","Value","Footprint","DNP"
"1","BT1","1","DNP","robot:battery26650_holderOnly","DNP"
"2","BT2","1","DNP","robot:battery26650","DNP"
"3","C1, C33, C34, C76, C78, C87, C93","7","22uF","robot:C_0603_1608Metric",""
"4","C2, C3, C18, C19, C45, C46","6","27pF","robot:C_0402_1005Metric",""
"5","C4, C8, C10, C21, C22, C29, C47, C48, C50, C51, C52, C53, C54, C55, C69, C88, C94, C95, C105, C126","20","1uF","robot:C_0402_1005Metric",""
"6","C5, C6, C7, C9, C11, C12, C13, C14, C15, C16, C24, C32, C35, C36, C37, C38, C39, C40, C41, C44, C57, C58, C59, C60, C61, C62, C63, C64, C65, C66, C70, C71, C72, C73, C85, C92, C102, C103, C104, C113, C114, C116, C119, C121","44","0.1uF","robot:C_0402_1005Metric",""
"7","C17, C20, C25, C27, C42, C43, C67, C68, C75, C77, C80, C129, C130, C132, C134, C136","16","10uF","robot:C_0603_1608Metric",""
"8","C23, C97, C100, C101, C124","5","4.7uF","robot:C_0603_1608Metric",""
"9","C26, C56","2","0.47uF","robot:C_0603_1608Metric",""
"10","C28, C49","2","2.2uF","robot:C_0603_1608Metric",""
"11","C30, C31","2","0.22uF","robot:C_0603_1608Metric",""
"12","C74, C86, C89, C90","4","100uF","robot:CP_Elec_APXJ100ARA271MF61G","DNP"
"13","C79, C91, C96, C106, C107, C108","6","100uF","robot:C_1206_3216Metric","DNP"
"14","C81","1","47uF","robot:C_0805_2012Metric",""
"15","C82, C83, C109, C125, C127","5","100uF","robot:C_1206_3216Metric",""
"16","C84, C115, C118","3","10nF","robot:C_0402_1005Metric",""
"17","C99","1","1uF","robot:C_0402_1005Metric","DNP"
"18","C110, C117, C120","3","22nF","robot:C_0402_1005Metric",""
"19","C111","1","1.5nF","robot:C_0402_1005Metric",""
"20","C112, C122","2","3.3nF","robot:C_0402_1005Metric",""
"21","C123, C128","2","47nF","robot:C_0402_1005Metric",""
"22","C131, C137","2","100uF","robot:C_1210_3225Metric",""
"23","C133, C135, C138","3","100uF","robot:C_1210_3225Metric","DNP"
"24","D1","1","LED-RED","robot:B12H1UYG-20D000134U1930",""
"25","D2","1","LED-YG","robot:B12H1UYG-20D000134U1930",""
"26","D3","1","LED-Amber","robot:B12H1UYG-20D000134U1930",""
"27","D4, D6, D10","3","SMF13A","robot:D_SOD-123F",""
"28","D5","1","LED-GREEN","robot:B12H1UYG-20D000134U1930",""
"29","D7","1","D_Schottky","robot:SD2114S040S8R0",""
"30","D9, D11","2","IN4448HLP","robot:D_0402_1005Metric",""
"31","IC1","1","TPS22998RYZR","robot:TPS22998RYZR",""
"32","J1","1","USBC_Receptacle_SMD_RA","robot:CON_USB3.1-C_RCPT_SMD_RA_ACP_12401610E4#2A",""
"33","J2","1","Conn_01x05","robot:PinSocket_1x05_P2.54mm_Vertical",""
"34","J3, J5","2","Conn_01x06_MountingPin","robot:CONN_B6B-ZR-SM4-TF_JST",""
"35","J4","1","USB4120-03-C_REVA","robot:GCT_USB4151-GF-C_REVA",""
"36","J6, J7","2","MotorCable","","DNP"
"37","L1, L3","2","1.5uH","robot:NRS6028T1R5NMGJ",""
"38","L2, L4","2","0.47uH","robot:Vishay-IHLP-2020BZ-FP_1.905x2.79-3D_2.0-0-0-MFG",""
"39","L5","1","8uH","","DNP"
"40","M1, M2, S1, W1, W2","5","~","","DNP"
"41","Q1, Q7","2","Q_NMOS_GDS","robot:SOT-23",""
"42","Q2","1","EFC8811R-TF","robot:ON_Semiconductor-568AL-10_2013-O-MFG",""
"43","Q3, Q4","2","YJL3416A","robot:SOT-23",""
"44","Q5, Q6","2","SN74AHC125RGYR","robot:SN74AHC125RGYR",""
"45","R1, R5, R46, R47, R50","5","1k","robot:R_0402_1005Metric",""
"46","R3, R4","2","27","robot:R_0402_1005Metric",""
"47","R6, R7, R32, R33, R41, R42","6","10","robot:R_0402_1005Metric",""
"48","R8, R18","2","47K","robot:R_0603_1608Metric",""
"49","R9","1","80.6k","robot:R_0402_1005Metric",""
"50","R10, R80, R81","3","0","robot:R_0603_1608Metric","DNP"
"51","R11, R52, R54, R67, R68, R69, R70, R71, R72, R73, R74, R77, R78","13","0","robot:R_0805_2012Metric",""
"52","R12, R17, R49, R59, R60, R61, R89, R99","8","100k","robot:R_0603_1608Metric",""
"53","R14, R15, R20, R21, R34, R35","6","2.2k","robot:R_0603_1608Metric",""
"54","R16","1","510k","robot:R_0603_1608Metric",""
"55","R19, R36","2","200k","robot:R_0603_1608Metric",""
"56","R22, R23, R24, R25, R56, R58, R97","7","100","robot:R_0603_1608Metric",""
"57","R26, R27","2","0.39","robot:R_0603_1608Metric","DNP"
"58","R28, R31, R96, R102","4","10k","robot:R_0603_1608Metric",""
"59","R29, R30","2","0.39","robot:R_0603_1608Metric",""
"60","R37, R39","2","649k","robot:R_0603_1608Metric",""
"61","R38, R40","2","120k","robot:R_0603_1608Metric",""
"62","R43, R45, R103, R104","4","200","robot:R_0603_1608Metric",""
"63","R44","1","5m","robot:R_0805_2012Metric",""
"64","R48","1","2k","robot:R_0603_1608Metric",""
"65","R51","1","10m","robot:R_1206_3216Metric",""
"66","R53","1","113K","robot:R_0603_1608Metric",""
"67","R55","1","14k","robot:R_0603_1608Metric",""
"68","R57, R75, R76, R79, R82, R83, R84, R85, R86, R87, R88, R90, R91, R92, R93, R94","16","0","robot:R_0603_1608Metric",""
"69","R62","1","16k","robot:R_0603_1608Metric",""
"70","R63, R64","2","5.1k","robot:R_0603_1608Metric",""
"71","R65","1","10M","robot:R_0603_1608Metric",""
"72","R95","1","0","robot:R_0603_1608Metric_3pin_Switch",""
"73","R98","1","150k","robot:R_0402_1005Metric",""
"74","R100","1","220k","robot:R_0402_1005Metric",""
"75","R101","1","6.8k","robot:R_0402_1005Metric",""
"76","R105","1","200","robot:R_0603_1608Metric","DNP"
"77","S2","1","PTS815 SJM 250 SMTR LFS","robot:SW4_PTS815 SJM 250 SMTR LFS_CNK",""
"78","S3, S4","2","JS202011JCQN","robot:SW_JS202011JCQN",""
"79","SW1","1","SW_SPST","robot:MOLEX_picoblade_SMT_2pin",""
"80","TH1","1","DNP","robot:battery26650_thermistor","DNP"
"81","TH2","1","100k","robot:R_0402_1005Metric",""
"82","TP1, TP2, TP3, TP4, TP5, TP6, TP7, TP8, TP9, TP10, TP11, TP13, TP14, TP15, TP16, TP17, TP18, TP19, TP20, TP21, TP22, TP23, TP24, TP26, TP27, TP33","26","SMD_0603","robot:TestPoint_SMD_0603",""
"83","TP30, TP34, TP39, TP40, TP41, TP42, TP43","7","TestPoint","robot:KEYSTONE_5002",""
"84","U1","1","STWLC38JRM","robot:BGA40C40P5X8_213X333X57",""
"85","U2","1","W25Q128JVS","robot:SOIC-8_5.23x5.23mm_P1.27mm",""
"86","U3","1","RP2040","robot:RP2040-QFN-56",""
"87","U4","1","NCP3901","robot:NCP3901",""
"88","U5","1","LSF0102DCTR","robot:SOP65P400X130-8N",""
"89","U6","1","MAX77857","robot:WLP-35_7x5_2.828x2.028mm",""
"90","U7","1","AP2502KTR-G1","robot:SOT95P280X145-6N",""
"91","U8, U9","2","DRV8830DRCR","robot:IC_DRV8830DRCR",""
"92","U11","1","MAX77958EWV+T","robot:MAX77958EWV&plus_T",""
"93","U12","1","BQ27742YZFR-G1","robot:Texas_Instruments-YZF0015-0-0-MFG",""
"94","U13","1","MAX77976EFD+","robot:MAX77976",""
"95","U14","1","MAX77642ANA+","robot:Maxim-N252B2-1-0-A-MFG",""
"96","U15, U19, U20, U21, U22, U23, U26, U27, U28, U29","10","TPD1E05U06","robot:TPD1E05U06DPYR",""
"97","U16","1","fpf1048bucx","robot:BGA6N50P3X2_146X96X62N",""
"98","U17","1","TPS61253AYFFT","robot:Texas_Instruments-YFF0009-BGA9C40P3X3_119X129X62",""
"99","U18","1","AP33771DKZ-13","robot:AP33771DKZ13",""
"100","U24, U25","2","TVS0500DRV","robot:TVS0500DRVR",""
"101","Y1","1","ECS-120-8-36-CKM-TR3","robot:XTAL_ECS-120-8-36-CKM-TR3",""
