"Item #","Qty","Mfg Part #","Do Not Install","Designator","Vendor","Vendor Part Number","Value","Size / Footprint","Part description/specs","Manufacturer","Customer Supply"
"1","7","GRM188R61A226ME15D","False","C1,C33,C34,C76,C78,C87,C93","","","22uF","robot:C_0603_1608Metric","Unpolarized capacitor","Murata","0"
"2","6","GRM1555C1H270JA01J","False","C2,C3,C18,C19,C45,C46","","","27pF","robot:C_0402_1005Metric","Unpolarized capacitor","Murata","0"
"3","20","GRM155R61E105KA12D","False","C4,C8,C10,C21,C22,C29,C47,C48,C50,C51,C52,C53,C54,C55,C69,C88,C94,C95,C105,C126","","","1uF","robot:C_0402_1005Metric","Unpolarized capacitor","Murata","10"
"4","44","GRM155R62A104KE14D","False","C5,C6,C7,C9,C11,C12,C13,C14,C15,C16,C24,C32,C35,C36,C37,C38,C39,C40,C41,C44,C57,C58,C59,C60,C61,C62,C63,C64,C65,C66,C70,C71,C72,C73,C85,C92,C102,C103,C104,C113,C114,C116,C119,C121","","","0.1uF","robot:C_0402_1005Metric","Unpolarized capacitor","Murata","0"
"5","16","GRM188R61E106KA73J","False","C17,C20,C25,C27,C42,C43,C67,C68,C75,C77,C80,C129,C130,C132,C134,C136","","","10uF","robot:C_0603_1608Metric","Unpolarized capacitor","Murata","0"
"6","5","GRM188R61E475KE11D","False","C23,C97,C100,C101,C124","","","4.7uF","robot:C_0603_1608Metric","Unpolarized capacitor","Murata","0"
"7","2","CL10B474KO8NNNC","False","C26,C56","","","0.47uF","robot:C_0603_1608Metric","Unpolarized capacitor","Samsung","0"
"8","2","CL10A225KP8NNNC","False","C28,C49","","","2.2uF","robot:C_0603_1608Metric","Unpolarized capacitor","Samsung","0"
"9","2","CL10B224KA8NNNC","False","C30,C31","","","0.22uF","robot:C_0603_1608Metric","Unpolarized capacitor","Samsung","0"
"10","1","CL21A476MRYNNNE","False","C81","","","47uF","robot:C_0805_2012Metric","Unpolarized capacitor","Samsung Electro-Mechanics","0"
"11","5","GRM31CD80J107MEA8K","False","C82,C83,C109,C125,C127","","","100uF","robot:C_1206_3216Metric","Unpolarized capacitor","Murata","20"
"12","3","885012205067","False","C84,C115,C118","","","10nF","robot:C_0402_1005Metric","Unpolarized capacitor","WÃ¼rth Elektronik","0"
"13","3","GRM155R71H223KA12J","False","C110,C117,C120","","","22nF","robot:C_0402_1005Metric","Unpolarized capacitor","Murata","0"
"14","1","GCM155R71H152KA37D","False","C111","","","1.5nF","robot:C_0402_1005Metric","Unpolarized capacitor","Murata","0"
"15","2","GCM155R71H332KA37J","False","C112,C122","","","3.3nF","robot:C_0402_1005Metric","Unpolarized capacitor","Murata","0"
"16","2","GRM155R71H473KE14D","False","C123,C128","","","47nF","robot:C_0402_1005Metric","Unpolarized capacitor","Murata","0"
"17","2","GMC32X5R107M16NT","False","C131,C137","","","100uF","robot:C_1210_3225Metric","Unpolarized capacitor","Cal-Chip Electronics, Inc.","0"
"18","1","B12H1USD-20D000234U1930","False","D1","","","LED-RED","robot:B12H1UYG-20D000134U1930","Light emitting diode","Harvatek Corporation","0"
"19","1","B12H1UYG-20D000134U1930","False","D2","","","LED-YG","robot:B12H1UYG-20D000134U1930","Light emitting diode","Harvatek Corporation","0"
"20","1","B12H1UY--20D000134U1930","False","D3","","","LED-Amber","robot:B12H1UYG-20D000134U1930","Light emitting diode","Harvatek Corporation","0"
"21","3","SMF13A","False","D4,D6,D10","","","SMF13A","robot:D_SOD-123F","Zener diode","Littelfuse Inc.","0"
"22","1","B12H1NG--20D000134U1930","False","D5","","","LED-GREEN","robot:B12H1UYG-20D000134U1930","Light emitting diode","Harvatek Corporation","0"
"23","1","SD2114S040S8R0","False","D7","","","D_Schottky","robot:SD2114S040S8R0","","KYOCERA AVX","0"
"24","2","1N4448HLP-7","False","D9,D11","","","IN4448HLP","robot:D_0402_1005Metric","Diode","Diodes Incorporated","0"
"25","1","TPS22998RYZR","False","IC1","","","TPS22998RYZR","robot:TPS22998RYZR","Power Switch ICs - Power Distribution","Texas Instruments","0"
"26","1","12401610E4#2A","False","J1","","","USBC_Receptacle_SMD_RA","robot:CON_USB3.1-C_RCPT_SMD_RA_ACP_12401610E4#2A","","Amphenol Commercial Products","0"
"27","1","PH1-05-UA","False","J2","","","Conn_01x05","robot:PinSocket_1x05_P2.54mm_Vertical","Generic connector, single row, 01x05, script generated (kicad-library-utils/schlib/autogen/connector/)","Adam Tech","0"
"28","2","B6B-ZR-SM4-TF","False","J3,J5","","","Conn_01x06_MountingPin","robot:CONN_B6B-ZR-SM4-TF_JST","Generic connectable mounting pin connector, single row, 01x06, script generated (kicad-library-utils/schlib/autogen/connector/)","JST","0"
"29","1","USB4151-GF-C","False","J4","","","USB4151-GF-C","robot:GCT_USB4151-GF-C_REVA","","GCT","0"
"30","2","NRS6028T1R5NMGJ","False","L1,L3","","","1.5uH","robot:NRS6028T1R5NMGJ","Inductor","TAIYO YUDEN","0"
"31","2","IHLP2020BZERR47M01","False","L2,L4","","","0.47uH","robot:Vishay-IHLP-2020BZ-FP_1.905x2.79-3D_2.0-0-0-MFG","Inductor symbol for simulation only","Vishay","0"
"32","2","BSS138","False","Q1,Q7","","","Q_NMOS_GDS","robot:SOT-23","N-MOSFET transistor, gate/source/drain","ANBON SEMICONDUCTOR (INT'L) LIMITED","0"
"33","1","EFC8811R-TF","False","Q2","","","EFC8811R-TF","robot:ON_Semiconductor-568AL-10_2013-O-MFG","EFC8811R-TF","ON Semiconductor","19"
"34","1","AS2312","False","Q3","","","AS2312","robot:SOT-23","20V Vds, 0.63 Id, N-Channel MOSFET with ESD protection, SOT-523","ANBON SEMICONDUCTOR (INT'L) LIMITED","0"
"35","1","YJL3416A","False","Q4","","","YJL3416A","robot:SOT-23","20V Vds, 0.63 Id, N-Channel MOSFET with ESD protection, SOT-523","Yangjie Electronic Technology ","0"
"36","2","SN74AHC125RGYR","False","Q5,Q6","","","SN74AHC125RGYR","robot:SN74AHC125RGYR","Buffer/Line Driver 4-CH Non-Inverting 3-ST CMOS 14-Pin VQFN EP T/R","Texas Instruments","39"
"37","5","WR04X102 JTL","False","R1,R5,R46,R47,R50","","","1k","robot:R_0402_1005Metric","Resistor","Walsin Technologies","0"
"38","2","RMCF0402JT27R0","False","R3,R4","","","27","robot:R_0402_1005Metric","Resistor","Stackpole Electronics","0"
"39","6","RC0402FR-1310RL","False","R6,R7,R32,R33,R41,R42","","","10","robot:R_0402_1005Metric","Resistor","Yageo","0"
"40","2","RMCF0603JT47K0","False","R8,R18","","","47K","robot:R_0603_1608Metric","Resistor","Stackpole Electronics","0"
"41","1","RMCF0402FT80K6","False","R9","","","80.6k","robot:R_0402_1005Metric","Resistor","Stackpole Electronics","0"
"42","13","RMCF0805ZT0R00","False","R11,R52,R54,R67,R68,R69,R70,R71,R72,R73,R74,R77,R78","","","0","robot:R_0805_2012Metric","Resistor","Stackpole Electronics","0"
"43","8","WR06X1003FTL","False","R12,R17,R49,R59,R60,R61,R89,R99","","","100k","robot:R_0603_1608Metric","Resistor","Walsin Technology","0"
"44","6","RMCF0603JT2K20","False","R14,R15,R20,R21,R34,R35","","","2.2k","robot:R_0603_1608Metric","Resistor","Stackpole Electronics","0"
"45","1","RMCF0603JT510K","False","R16","","","510k","robot:R_0603_1608Metric","Resistor","Stackpole Electronics","0"
"46","2","RMCF0603JT200K","False","R19,R36","","","200k","robot:R_0603_1608Metric","Resistor","Stackpole Electronics","0"
"47","7","RMCF0603JT100R","False","R22,R23,R24,R25,R56,R58,R97","","","100","robot:R_0603_1608Metric","Resistor","Stackpole Electronics","0"
"48","4","WR06X1002FTL","False","R28,R31,R96,R102","","","10k","robot:R_0603_1608Metric","Resistor","Walsin Technology","0"
"49","2","ERJ-3RQJR39V","False","R29,R30","","","0.39","robot:R_0603_1608Metric","Resistor","Panasonic","10"
"50","2","ERJ-3EKF6493V","False","R37,R39","","","649k","robot:R_0603_1608Metric","Resistor","Panasonic","0"
"51","2","RMCF0603JT120K","False","R38,R40","","","120k","robot:R_0603_1608Metric","Resistor","Stackpole Electronics","0"
"52","4","ERJ-PA3J201V","False","R43,R45,R103,R104","","","200","robot:R_0603_1608Metric","Resistor","Panasonic","0"
"53","1","PA0805FRF470R005L","False","R44","","","5m","robot:R_0805_2012Metric","Resistor","Yageo","0"
"54","1","RMCF0603FT2K00","False","R48","","","2k","robot:R_0603_1608Metric","Resistor","Stackpole Electronics","0"
"55","1","ERJ-8CWJR010V","False","R51","","","10m","robot:R_1206_3216Metric","Resistor","Panasonic","0"
"56","1","RMCF0603FT113K","False","R53","","","113K","robot:R_0603_1608Metric","Resistor","Stackpole Electronics","0"
"57","1","RMCF0603FT14K0","False","R55","","","14k","robot:R_0603_1608Metric","Resistor","Stackpole Electronics","0"
"58","16","RMCF0603ZT0R00","False","R57,R75,R76,R79,R82,R83,R84,R85,R86,R87,R88,R90,R91,R92,R93,R94","","","0","robot:R_0603_1608Metric","Resistor","Stackpole Electronics","15"
"59","1","RMCF0603FT16K0","False","R62","","","16k","robot:R_0603_1608Metric","Resistor","Stackpole Electronics","100"
"60","2","RMCF0603JT5K10","False","R63,R64","","","5.1k","robot:R_0603_1608Metric","Resistor","Stackpole Electronics","0"
"61","1","AC0603JR-0710ML","False","R65","","","10M","robot:R_0603_1608Metric","Resistor","Yageo","0"
"62","1","RMCF0603ZT0R00","False","R95","","","0","robot:R_0603_1608Metric_3pin_Switch","Resistor","Stackpole Electronics","0"
"63","1","RC0402FR-13150KL","False","R98","","","150k","robot:R_0402_1005Metric","Resistor","YAGEO","0"
"64","1","RC0402FR-07220KL","False","R100","","","220k","robot:R_0402_1005Metric","Resistor","YAGEO","0"
"65","1","RC0402FR-136K8L","False","R101","","","6.8k","robot:R_0402_1005Metric","Resistor","YAGEO","0"
"66","1","PTS815 SJM 250 SMTR LFS","False","S2","","","PTS815 SJM 250 SMTR LFS","robot:SW4_PTS815 SJM 250 SMTR LFS_CNK","E-SWITCH - TL3305AF260QG - TACTILE SW, SPST, 0.05A, 12VDC, SOLDER","C&K","0"
"67","2","JS202011JCQN","False","S3,S4","","","JS202011JCQN","robot:SW_JS202011JCQN","SWITCH SLIDE DPDT 300MA 6V","C&K","0"
"68","1","0533980271","False","SW1","","","SW_SPST","robot:MOLEX_picoblade_SMT_2pin","Single Pole Single Throw (SPST) switch","Molex","0"
"69","1","NCU15WF104J6SRC","False","TH2","","","100k","robot:R_0402_1005Metric","Temperature dependent resistor","Murata","0"
"70","26","RCUCTE","False","TP1,TP2,TP3,TP4,TP5,TP6,TP7,TP8,TP9,TP10,TP11,TP13,TP14,TP15,TP16,TP17,TP18,TP19,TP20,TP21,TP22,TP23,TP24,TP26,TP27,TP33","","","SMD_0603","robot:TestPoint_SMD_0603","test point","KOA Speer Electronics, Inc.","0"
"71","7","5002","False","TP30,TP34,TP39,TP40,TP41,TP42,TP43","","","TestPoint","robot:KEYSTONE_5002","test point","Keystone Electronics","0"
"72","1","STWLC38JRM","False","U1","","","STWLC38JRM","robot:BGA40C40P5X8_213X333X57","Qi-compliant inductive wireless power receiver for 15W applications","STMicroelectronics","0"
"73","1","W25Q128JVSIQ","False","U2","","","W25Q128JVS","robot:SOIC-8_5.23x5.23mm_P1.27mm","128Mb Serial Flash Memory, Standard/Dual/Quad SPI, SOIC-8","Winbond","0"
"74","1","SC0914(13)","False","U3","","","RP2040","robot:RP2040-QFN-56","","Raspberry Pi","0"
"75","1","NCP3901FCCT1G","False","U4","","","NCP3901","robot:NCP3901","","onsemi","19"
"76","1","LSF0102DCTR","False","U5","","","LSF0102DCTR","robot:SOP65P400X130-8N","Dual bidirectional multi-voltage level translator","Texas Instruments","19"
"77","1","MAX77857BEWB+","False","U6","","","MAX77857BEWB+","robot:WLP-35_7x5_2.828x2.028mm","","Maxim","19"
"78","1","AP2502KTR-G1","False","U7","","","AP2502KTR-G1","robot:SOT95P280X145-6N","","Diodes Inc.","0"
"79","2","DRV8830DRCR","False","U8,U9","","","DRV8830DRCR","robot:IC_DRV8830DRCR","DC Motor Driver I2C Control","Texas Instruments","44"
"80","1","MAX77958EWV+T","False","U11","","","MAX77958EWV+T","robot:MAX77958EWV&plus_T","USB-PD Controller","Maxim","19"
"81","1","BQ27742YZFR-G1","False","U12","","","BQ27742YZFR-G1","robot:Texas_Instruments-YZF0015-0-0-MFG","BQ27742YZFR-G1","Texas Instruments","19"
"82","1","MAX77976EFD+","False","U13","","","MAX77976EFD+","robot:MAX77976","","Maxim","19"
"83","1","MAX77642ANA+","False","U14","","","MAX77642ANA+","robot:Maxim-N252B2-1-0-A-MFG","MAX77642ANA+","Maxim","19"
"84","10","TPD1E05U06DPYR","False","U15,U19,U20,U21,U22,U23,U26,U27,U28,U29","","","TPD1E05U06","robot:TPD1E05U06DPYR","","Texas Instruments","0"
"85","1","fpf1048bucx","False","U16","","","fpf1048bucx","robot:BGA6N50P3X2_146X96X62N","","onsemi","0"
"86","1","TPS61253AYFFT","False","U17","","","TPS61253AYFFT","robot:Texas_Instruments-YFF0009-BGA9C40P3X3_119X129X62","TPS6125xA 3.8-MHz, 5-V / 4-A Boost in 1.2-mm x 1.3-mm WCSP","Texas Instruments","0"
"87","1","AP33771DKZ-13","False","U18","","","AP33771DKZ-13","robot:AP33771DKZ13","Diodes Inc. ACDC Decoder W-QFN4040-24 T&R 3K","Diodes Inc.","19"
"88","2","TVS0500DRVR","False","U24,U25","","","TVS0500DRV","robot:TVS0500DRVR","Flat-Clamp Surge Protection Device. 5Vrwm, WSON-6","Texas Instruments","0"
"89","1","ECS-120-8-36-CKM-TR3","False","Y1","","","ECS-120-8-36-CKM-TR3","robot:XTAL_ECS-120-8-36-CKM-TR3","Two pin crystal","ECS Inc.","0"
