Query,Qty,Manufacturer,MPN,Octopart URL,Part Description,Description,Schematic Reference,Internal Part Number,Lifecycle,Lead Time,RoHS,Total Qty (@ Batch Size: 5),SKU,SKU,Packaging,Packaging,Unit Price (@ Batch Size: 5),Unit Price (@ Batch Size: 5),In Stock,In Stock,MOQ,MOQ,URL,URL,Distributor [Lowest Price (Selected)],SKU [Lowest Price (Selected)],Packaging [Lowest Price (Selected)],Unit Price (@ Batch Size: 5) [Lowest Price (Selected)],Line Total [Lowest Price (Selected)],Batch Total [Lowest Price (Selected)],In Stock [Lowest Price (Selected)],MOQ [Lowest Price (Selected)],URL [Lowest Price (Selected)],Notes
,,,,,,,,,,,,,Digi-Key,Mouser,Digi-Key,Mouser,Digi-Key,Mouser,Digi-Key,Mouser,Digi-Key,Mouser,Digi-Key,Mouser,,,,,,,,,,
ABLS-12.000MHZ-B4-T,1,Abracon,ABLS-12.000MHZ-B4-T,https://octopart.com/abls-12.000mhz-b4-t-abracon-18618609,Crystal 12MHz ±30ppm (Tol) ±50ppm (Stability) 18pF FUND 50Ohm 2-Pin HC-49/US SMD T/R,Two pin crystal,Y1,ABLS-12.000MHZ-B4-T,Production (Last Updated: 2 years ago),21w,Compliant,5,535-10218-1-ND,815-ABLS-12.0M-T,Cut Tape,Tape & Reel,0.22,0.22,36405,25622,1,1,https://octopart.com/opatz8j6/a1?t=Jyfv42ThmSrrJyvLK0IvlSX_8GIhoI4DjQQoSCVMRAoQknLYBmwpjetnIzZZAgF-DgrPhmxPEcWMNAgQZHqdWpKA22cw9dif7pjAmi8UlHbYPaYQobdke-YsRJIUCgrVdKInJ9PzC3aATR4gZJCtrgsmOZOUrV2KU047Hie77ssm21cGvJE-XTTRtl4osKRlQEZCNF5AUfx4HpdCGFuJVQG9fKp8PkO_sr4H-7ztUw-UiUbqEa1NLcfsY_53KnDNBwM,https://octopart.com/opatz8j6/a1?t=V1y5azi-X_aj3BgUORNYU9qoAC_uHyntXhqixyxQuwi_sGP3oWb5DjgiQCh7sjDW9-3kurOJfP1ZDoZmmSXhf0a9HblBcumYFpN82l3eW5jdRjGV3qrXrCNqpiIWRxILumolKQ5BLCb7lHDS-jqMfLblM8z6P8gnP6ZhUuDjtoil-uHNJnYnB5iF9U7CWGLGR8aKv6ueBd8_k6uKotodwc_3k6svCD0aTFGsyECEu81VQIxprC6moRQDVMJq0rL9EmX9,Digi-Key,535-10218-1-ND,Cut Tape,0.22,0.22,1.1,36405,1,https://octopart.com/opatz8j6/a1?t=Jyfv42ThmSrrJyvLK0IvlSX_8GIhoI4DjQQoSCVMRAoQknLYBmwpjetnIzZZAgF-DgrPhmxPEcWMNAgQZHqdWpKA22cw9dif7pjAmi8UlHbYPaYQobdke-YsRJIUCgrVdKInJ9PzC3aATR4gZJCtrgsmOZOUrV2KU047Hie77ssm21cGvJE-XTTRtl4osKRlQEZCNF5AUfx4HpdCGFuJVQG9fKp8PkO_sr4H-7ztUw-UiUbqEa1NLcfsY_53KnDNBwM,
PH1-02-UA,7,Adam Tech,PH1-02-UA,https://octopart.com/ph1-02-ua-adam+tech-9378955,Conn Unshrouded Header HDR 2 POS 2.54mm Solder ST Top Entry Thru-Hole Bag,"Jumper, 2-pole, closed/bridged","JP1,JP2,JP3,JP4,JP5,JP6,JP7",PH1-02-UA,,10w,Compliant,35,2057-PH1-02-UA-ND,,Bag,,0.037,,243513,,1,,https://octopart.com/opatz8j6/a1?t=W4nm7iwjN8f5OIioxDNamjD8RkEFrvCw9ryuXGgJIAfvjKdUwg7nhguj98EiM7OpjiMGMFck0TIjnI-pTvIp1_mQ2gCt1dEh3m1MJV40Owqu1nNlmiWsRQ01d37pYX80YC9to6bgjdXisIygBR-7hvgyNFkC55U11NJPOp-SdBUAwbtN5LdrazUnLCkhqLJCyu9MvL4aTkptIeZZNk1nSgklsTF35q1X-F3ieFUsjTdJDoZYDQ62uvw3iF4W7-EIrOE,,Digi-Key,2057-PH1-02-UA-ND,Bag,0.037,0.259,1.295,243513,1,https://octopart.com/opatz8j6/a1?t=W4nm7iwjN8f5OIioxDNamjD8RkEFrvCw9ryuXGgJIAfvjKdUwg7nhguj98EiM7OpjiMGMFck0TIjnI-pTvIp1_mQ2gCt1dEh3m1MJV40Owqu1nNlmiWsRQ01d37pYX80YC9to6bgjdXisIygBR-7hvgyNFkC55U11NJPOp-SdBUAwbtN5LdrazUnLCkhqLJCyu9MvL4aTkptIeZZNk1nSgklsTF35q1X-F3ieFUsjTdJDoZYDQ62uvw3iF4W7-EIrOE,
PH1-02-UA,2,Adam Tech,PH1-02-UA,https://octopart.com/ph1-02-ua-adam+tech-9378955,Conn Unshrouded Header HDR 2 POS 2.54mm Solder ST Top Entry Thru-Hole Bag,"Jumper, 2-pole, open","JP8,JP9",PH1-02-UA,,10w,Compliant,10,2057-PH1-02-UA-ND,,Bag,,0.037,,243513,,1,,https://octopart.com/opatz8j6/a1?t=W4nm7iwjN8f5OIioxDNamjD8RkEFrvCw9ryuXGgJIAfvjKdUwg7nhguj98EiM7OpjiMGMFck0TIjnI-pTvIp1_mQ2gCt1dEh3m1MJV40Owqu1nNlmiWsRQ01d37pYX80YC9to6bgjdXisIygBR-7hvgyNFkC55U11NJPOp-SdBUAwbtN5LdrazUnLCkhqLJCyu9MvL4aTkptIeZZNk1nSgklsTF35q1X-F3ieFUsjTdJDoZYDQ62uvw3iF4W7-EIrOE,,Digi-Key,2057-PH1-02-UA-ND,Bag,0.037,0.074,0.37,243513,1,https://octopart.com/opatz8j6/a1?t=W4nm7iwjN8f5OIioxDNamjD8RkEFrvCw9ryuXGgJIAfvjKdUwg7nhguj98EiM7OpjiMGMFck0TIjnI-pTvIp1_mQ2gCt1dEh3m1MJV40Owqu1nNlmiWsRQ01d37pYX80YC9to6bgjdXisIygBR-7hvgyNFkC55U11NJPOp-SdBUAwbtN5LdrazUnLCkhqLJCyu9MvL4aTkptIeZZNk1nSgklsTF35q1X-F3ieFUsjTdJDoZYDQ62uvw3iF4W7-EIrOE,
PH1-02-UA,2,Adam Tech,PH1-02-UA,https://octopart.com/ph1-02-ua-adam+tech-9378955,Conn Unshrouded Header HDR 2 POS 2.54mm Solder ST Top Entry Thru-Hole Bag,"Generic connector, single row, 01x02, script generated (kicad-library-utils/schlib/autogen/connector/)","TP27,TP35",PH1-02-UA,,10w,Compliant,10,2057-PH1-02-UA-ND,,Bag,,0.037,,243513,,1,,https://octopart.com/opatz8j6/a1?t=W4nm7iwjN8f5OIioxDNamjD8RkEFrvCw9ryuXGgJIAfvjKdUwg7nhguj98EiM7OpjiMGMFck0TIjnI-pTvIp1_mQ2gCt1dEh3m1MJV40Owqu1nNlmiWsRQ01d37pYX80YC9to6bgjdXisIygBR-7hvgyNFkC55U11NJPOp-SdBUAwbtN5LdrazUnLCkhqLJCyu9MvL4aTkptIeZZNk1nSgklsTF35q1X-F3ieFUsjTdJDoZYDQ62uvw3iF4W7-EIrOE,,Digi-Key,2057-PH1-02-UA-ND,Bag,0.037,0.074,0.37,243513,1,https://octopart.com/opatz8j6/a1?t=W4nm7iwjN8f5OIioxDNamjD8RkEFrvCw9ryuXGgJIAfvjKdUwg7nhguj98EiM7OpjiMGMFck0TIjnI-pTvIp1_mQ2gCt1dEh3m1MJV40Owqu1nNlmiWsRQ01d37pYX80YC9to6bgjdXisIygBR-7hvgyNFkC55U11NJPOp-SdBUAwbtN5LdrazUnLCkhqLJCyu9MvL4aTkptIeZZNk1nSgklsTF35q1X-F3ieFUsjTdJDoZYDQ62uvw3iF4W7-EIrOE,
12401610E4#2A,1,Amphenol Communications Solutions,12401610E4#2A,https://octopart.com/12401610e4%232a-amphenol+communications+solutions-126516878,"Connector, USB type C, Receptacle, Top mount, dual-row SMT",,J1,12401610E4#2A,,16w,,5,12401610E4#2ACT-ND,,Cut Tape,,1.63,,44571,,1,,https://octopart.com/opatz8j6/a1?t=tC2BR4X7RFqcLSANDS8flBwPnrfmKVdC0oZSz01GuCZmLHoHAX9LuWm7zx3GklTk2wue0WtAdYVWnuVcCnK-M3CKNPTdh9oENGgKJLvdXilDZywl9ljHln3eQiHid8PTZgMwPJfjfliks9Gvkn52M_S8O5qa31PR-SFvh0bAndxpJGYOk3c1qArdxCt8hGJ7XS493NItvjxVvWn4zbyIlRpv7nBtInEFDu3vQUx1WCGL1kPCzT81Gj8Q9JxPKFN5Ac9-Lg,,Digi-Key,12401610E4#2ACT-ND,Cut Tape,1.63,1.63,8.149999999999999,44571,1,https://octopart.com/opatz8j6/a1?t=tC2BR4X7RFqcLSANDS8flBwPnrfmKVdC0oZSz01GuCZmLHoHAX9LuWm7zx3GklTk2wue0WtAdYVWnuVcCnK-M3CKNPTdh9oENGgKJLvdXilDZywl9ljHln3eQiHid8PTZgMwPJfjfliks9Gvkn52M_S8O5qa31PR-SFvh0bAndxpJGYOk3c1qArdxCt8hGJ7XS493NItvjxVvWn4zbyIlRpv7nBtInEFDu3vQUx1WCGL1kPCzT81Gj8Q9JxPKFN5Ac9-Lg,
67996-412HLF,1,Amphenol ICC / FCI,67996-412HLF,https://octopart.com/67996-412hlf-amphenol+icc+%2F+fci-90333651,Conn Unshrouded Header HDR 12 POS 2.54mm Solder ST Top Entry Thru-Hole BergStik® Bulk,CONN HEADER VERT 12POS 2.54MM,J3,67996-412HLF,,,Compliant,5,,649-67996-412HLF,,Bulk,,0.49,,60,,1,,https://octopart.com/opatz8j6/a1?t=ab-mAuaBaeaYWymZjww9JGDAqVhw7FdkGF9FjP_a8SBi5E-SqXMekTVW9srpIB0UamcpuLKhtVcHWq8oN6tfRndBEXVHIk9LRdN8nN2bWqHmKe-7nPl2DcRxR1N8rwbT5nO9zJYqkp5btyigZzuE6Bt-fQd1lsL3I8JrGLlq04va9DcFQ2duWjaAWSDj8bRlxo_jgywO1vCnxTLhADkz-nwb6lJYIU6o5z6lGO2iul5lRc5lbYAyzeBc0M93Hg63PommFA,Mouser,649-67996-412HLF,Bulk,0.49,0.49,2.45,60,1,https://octopart.com/opatz8j6/a1?t=ab-mAuaBaeaYWymZjww9JGDAqVhw7FdkGF9FjP_a8SBi5E-SqXMekTVW9srpIB0UamcpuLKhtVcHWq8oN6tfRndBEXVHIk9LRdN8nN2bWqHmKe-7nPl2DcRxR1N8rwbT5nO9zJYqkp5btyigZzuE6Bt-fQd1lsL3I8JrGLlq04va9DcFQ2duWjaAWSDj8bRlxo_jgywO1vCnxTLhADkz-nwb6lJYIU6o5z6lGO2iul5lRc5lbYAyzeBc0M93Hg63PommFA,
CR0402-JW-201GLF,2,Bourns,CR0402-JW-201GLF,https://octopart.com/cr0402-jw-201glf-bourns-2326638,Res Thick Film 0402 200 Ohm 5% 1/16W ±200ppm/°C Molded SMD SMD Paper Tape on Plastic Reel,Resistor,"R43,R45",CR0402-JW-201GLF,,15w,Compliant,10,CR0402-JW-201GLFCT-ND,652-CR0402-JW-201GLF,Cut Tape,Tape & Reel,0.01,0.026,47316,83024,1,1,https://octopart.com/opatz8j6/a1?t=rvPh8uQNBTUTXSLEb0VQQMjUcLWxSK2PkfiydsOHYlfbR6CkqqzevAXURnp6S_DEpG02A0PkTGPNn9yqtkCIfZkHUOmavtSF4KxMwJjwcEuUcI_c1qP7Xpgtcom2SRaZDTTG3fMgsu3e8jH_c27lpnZULFzP5sSpVDJGDENUyr50jlbXg7vJiI39sBkk3LrZeo9fH1_71N73f8F3nbCN5OLgB9McAfNmECJoEt7vt63itT1j1kR7eQZRqRNF5P8feafJ,https://octopart.com/opatz8j6/a1?t=ZOzpn4a3TjafGr0lto37vmJpv01Qqkv8UZjo_u0ERVbFJ1rdHawzOPSt9Z5yeiJKk1CMdocb7mD8F9Ye1Z96hQhv9SQIwfEAz8kYAWSLjfZ6hJanM4EJ1EICOaM8c33LlnDqWHTlJDpZpW5VSABOB-eCXi9L7KI4JfXjA6-Ns7bZ0b60vCrYndJ6eQ9EnMk1ZTirWKkKPKXNK0BZ4Ki7KLMUNO5x8Ai8YFKSqZ-8hz6q2JqkK4QApYZDnr6ApMqHdAzlow,Digi-Key,CR0402-JW-201GLFCT-ND,Cut Tape,0.01,0.02,0.1,47316,1,https://octopart.com/opatz8j6/a1?t=rvPh8uQNBTUTXSLEb0VQQMjUcLWxSK2PkfiydsOHYlfbR6CkqqzevAXURnp6S_DEpG02A0PkTGPNn9yqtkCIfZkHUOmavtSF4KxMwJjwcEuUcI_c1qP7Xpgtcom2SRaZDTTG3fMgsu3e8jH_c27lpnZULFzP5sSpVDJGDENUyr50jlbXg7vJiI39sBkk3LrZeo9fH1_71N73f8F3nbCN5OLgB9McAfNmECJoEt7vt63itT1j1kR7eQZRqRNF5P8feafJ,
JS202011SCQN,1,C&K Components,JS202011SCQN,https://octopart.com/js202011scqn-c%26k+components-7086674,C&k Components JS202011SCQN / Switch Slide DPDT 6VDC 0.3A SMT,SWITCH SLIDE DPDT 300MA 6V,S1,JS202011SCQN,,11w,Compliant,5,401-2002-1-ND,611-JS202011SCQN,Cut Tape,Tape & Reel,0.56,0.57,34040,28570,1,1,https://octopart.com/opatz8j6/a1?t=kT5C7op8c-U1UZjDBl5mInYhM7bUgqZvYcFsTc4a2kZ39cK0m_59xUXB81iyscDvbJT-s4oSkkk96b5SYdkbFGiF2Mt_L-U_yl5qgYEWdM9xGFSLF6pGGvvYmOt3NnduzGVREhnDo2ijHtBtLpTj9nUB3N-eIR9piW_8BSHanP9VKhQXLOcKxUKD-E8-iFGvQH8XcB9yRVpzJWEF35iS6wIpmtn9ivEEFMwwVNT6X0_Rb-Z97pJ_gfjjLste3mSypg,https://octopart.com/opatz8j6/a1?t=10gSv8Xb23vF-IqRI1ZTsFaWGCZskGtLtmZtmu8cMuu-osO554tAjG2JaQAId2ymAtiTp_2HfekW2EIPCPAHrvOJ8Aol5bblDKA0td4eMEyfUef6VenY-RnGQtvxp5JF79HFXy1pnpYkYBawzM4YxNknsE5pShOhRR-dmxyWkcYrggG-esyl8Q6pJ_Z5LwInVluOJDwojPepSdJsvzSvkxTy4Zg7RDImMIGZFy9RPu7zfJeIGNG_Ls5vniXbombotmM,Digi-Key,401-2002-1-ND,Cut Tape,0.56,0.56,2.8000000000000003,34040,1,https://octopart.com/opatz8j6/a1?t=kT5C7op8c-U1UZjDBl5mInYhM7bUgqZvYcFsTc4a2kZ39cK0m_59xUXB81iyscDvbJT-s4oSkkk96b5SYdkbFGiF2Mt_L-U_yl5qgYEWdM9xGFSLF6pGGvvYmOt3NnduzGVREhnDo2ijHtBtLpTj9nUB3N-eIR9piW_8BSHanP9VKhQXLOcKxUKD-E8-iFGvQH8XcB9yRVpzJWEF35iS6wIpmtn9ivEEFMwwVNT6X0_Rb-Z97pJ_gfjjLste3mSypg,
USB4120-03-C,1,Global Connector Technology,USB4120-03-C,https://octopart.com/usb4120-03-c-global+connector+technology-113696351,"USB Connector, 24 Contact(s), Female, Right Angle, Solder Terminal, Locking, Receptacle",,J4,USB4120-03-C,,,,5,,,,,,,,,,,,,,,,,,,,,,
B0211NB--02D000114U1930,1,Harvatek,B0211NB--02D000114U1930,https://octopart.com/b0211nb--02d000114u1930-harvatek-128582286,0.65(L)X0.38(W)X0.36(H) Mm,Light emitting diode,D4,B0211NB--02D000114U1930,,8w,,5,3147-B0211NB--02D000114U1930CT-ND,,Cut Tape,,0.1,,3790,,1,,https://octopart.com/opatz8j6/a1?t=GUp1CniXLqYtsFeK6bmznFnNLL_w0GO82KFkEJ8bn2q-R8baHkIYASV1O7kARJSqBKyAc43uZbax3EwO80d6ZcLc-dKODvHDerdHR1DHxxbp1vDPH_nZACaSwIhB1ZG0dgvbQOmRnAJys_38Y0rMr7Xic3gBUgUXcrZa4ycAXBJJE-8bV2NXp0RfegRn_DLj9vcBA5kvcmTbuMnWoi1oUMvAo4Bj4fUxu52h7BnlFxhQkztPqcNC9IAfgE0x7oxQ6Gn7uw,,Digi-Key,3147-B0211NB--02D000114U1930CT-ND,Cut Tape,0.1,0.1,0.5,3790,1,https://octopart.com/opatz8j6/a1?t=GUp1CniXLqYtsFeK6bmznFnNLL_w0GO82KFkEJ8bn2q-R8baHkIYASV1O7kARJSqBKyAc43uZbax3EwO80d6ZcLc-dKODvHDerdHR1DHxxbp1vDPH_nZACaSwIhB1ZG0dgvbQOmRnAJys_38Y0rMr7Xic3gBUgUXcrZa4ycAXBJJE-8bV2NXp0RfegRn_DLj9vcBA5kvcmTbuMnWoi1oUMvAo4Bj4fUxu52h7BnlFxhQkztPqcNC9IAfgE0x7oxQ6Gn7uw,
B1911UYG-20D000114U1930,1,Harvatek,B1911UYG-20D000114U1930,https://octopart.com/b1911uyg-20d000114u1930-harvatek-122240500,Led Yellow Green Clear 1608 SMD,Light emitting diode,D6,B1911UYG-20D000114U1930,,8w,,5,3147-B1911UYG-20D000114U1930CT-ND,,Cut Tape,,0.1,,14622,,1,,https://octopart.com/opatz8j6/a1?t=w2xSAgaACFk8yeZOln2CcNafDz-wCYIGu-DQQIvVEpl8J_Mkzr705ZVSoivA7kpFJf69_xXPLvrGB_khkeZeYfEu1L3qpAUg8suA8hrcJ-3bggNjeALeKtlv3nKSlQ7fVOo5E3JJqSbsItsSIJq95qhxzFEOYQgfdwkZ6Uu4xwOrPri6lLdxe1wb5RH2yFjjXbxGbpIgE-VnU9pseLmIwXKhp_eyS-e_ACejBPl8OUbbFzdA6P66QL5L_ZbsALz_w1n78A,,Digi-Key,3147-B1911UYG-20D000114U1930CT-ND,Cut Tape,0.1,0.1,0.5,14622,1,https://octopart.com/opatz8j6/a1?t=w2xSAgaACFk8yeZOln2CcNafDz-wCYIGu-DQQIvVEpl8J_Mkzr705ZVSoivA7kpFJf69_xXPLvrGB_khkeZeYfEu1L3qpAUg8suA8hrcJ-3bggNjeALeKtlv3nKSlQ7fVOo5E3JJqSbsItsSIJq95qhxzFEOYQgfdwkZ6Uu4xwOrPri6lLdxe1wb5RH2yFjjXbxGbpIgE-VnU9pseLmIwXKhp_eyS-e_ACejBPl8OUbbFzdA6P66QL5L_ZbsALz_w1n78A,
5002,30,Keystone,5002,https://octopart.com/5002-keystone-5193,MS27478 - Connectors Receptacle Electrical Solder Mounting Solder Type Hermetic Seal 38999 Series II,test point,"TP1,TP2,TP3,TP4,TP5,TP6,TP9,TP10,TP11,TP13,TP14,TP15,TP16,TP17,TP18,TP19,TP20,TP21,TP22,TP23,TP24,TP25,TP26,TP29,TP30,TP31,TP32,TP33,TP34,TP36",5002,,20w,Compliant,150,36-5002-ND,534-5002,Bulk,Bulk,0.3015,0.205,808669,512192,1,1,https://octopart.com/opatz8j6/a1?t=9uEFIIaw0Ke6mW1gDF-YRf57Ttbk2FG1f9IZxNMuIPf-okDzjhrz0vPbcqP5i8IiF2RJr74YAbWlPlkwUcji7aKnpbVC86UQ0X_nSqbqjuHCJXEU0ZorJuXKQgIiXMpmYFa233hLgtOser4a2TmgiY98NxjX_pGcTVDjPqpXFZB7qENyCMbLkuNdOWtW5csjJF41UcOzw2W4Fkg_20fJFGw8dJ5pqe-4MsTDJP3NLQAQhDeajklvoy6V-VrNRGM,https://octopart.com/opatz8j6/a1?t=400NMJ5UnOMuaE9Ji2SzsM11rF2sJmu2_kSmgeeE3G_rSCp_cgzBFkIrvZFXJsRGJ6XqeeoQFzZEhJ9LSB54JzgJNX86rPjlpzZPfDVTnlTk5jwml6mnRokGxhSUA5lpdcadbjKNqpPsUde_Qzt-ge6ej03zOQ62hm7shaigytzavI8gWK95HVnf7QM26BYlIvJG7u60eo3E84jFtvfYaD5N00VgpCZ-G6BZyAKrIm2AWGJBBvjkfgPk2SCGX5U,Mouser,534-5002,Bulk,0.205,6.1499999999999995,30.749999999999996,512192,1,https://octopart.com/opatz8j6/a1?t=400NMJ5UnOMuaE9Ji2SzsM11rF2sJmu2_kSmgeeE3G_rSCp_cgzBFkIrvZFXJsRGJ6XqeeoQFzZEhJ9LSB54JzgJNX86rPjlpzZPfDVTnlTk5jwml6mnRokGxhSUA5lpdcadbjKNqpPsUde_Qzt-ge6ej03zOQ62hm7shaigytzavI8gWK95HVnf7QM26BYlIvJG7u60eo3E84jFtvfYaD5N00VgpCZ-G6BZyAKrIm2AWGJBBvjkfgPk2SCGX5U,
SD2114S040S8R0,1,KYOCERA AVX,SD2114S040S8R0,https://octopart.com/sd2114s040s8r0-kyocera+avx-75815450,"DIODE, SCHOTTKY, 8A, 40V, D0-214AA, Diode Type: Schottky, Diode Tape and Reel",,D7,SD2114S040S8R0,,47w,Compliant,5,478-7817-1-ND,581-SD2114S040S8R0,Cut Tape,Tape & Reel,0.75,0.75,122109,60025,1,1,https://octopart.com/opatz8j6/a1?t=cTN4oMHecXNxd90EpIa7ZHwOtOa9FnhxcNx9NA5-HeRHdeUQJAzte_OItMyNqA_4EDDSNlmu17upRpYk4SQYwOpnHsiGCL1RwX_pImcv318fGMBumPRT_KePPTOPzzDaYErnEZNExGQ1i_rOO0Q00olPKzB3YYfdAwcgYa4uuUtpckjir1ObpYxtqDg-jByGWA70Af_qFGojCmrPRWhqQ8Ts2-ot1EitVIjAOh6F-HACWsMmS-U17hsqMh13J4ZYIRzo,https://octopart.com/opatz8j6/a1?t=jVexZ0P8Fesz8-2_gNYIxtP4QS_9LIPvAJnfCyqMzLL26iI-7c2RNLYhdIAEdCIbW3lfod5ONQ6Yq45X33BZ_kHCAUKSvEkXvnwwSF6UBzqzbO-d7IjPOl9ZNPOp5JU0BbIsZUaR4gBzRTW2RDB7bUMPBIUmeGYMZKM9oq2tJhTF2wfPPN8t3_-FHOg1HqCBmMX3UmqhYlSgLsJxbxOxTtG2CUSQxr-MaWrI2LGyIIVjj7goBoPhEBYEfO1x6MKNvbedpw,Digi-Key,478-7817-1-ND,Cut Tape,0.75,0.75,3.75,122109,1,https://octopart.com/opatz8j6/a1?t=cTN4oMHecXNxd90EpIa7ZHwOtOa9FnhxcNx9NA5-HeRHdeUQJAzte_OItMyNqA_4EDDSNlmu17upRpYk4SQYwOpnHsiGCL1RwX_pImcv318fGMBumPRT_KePPTOPzzDaYErnEZNExGQ1i_rOO0Q00olPKzB3YYfdAwcgYa4uuUtpckjir1ObpYxtqDg-jByGWA70Af_qFGojCmrPRWhqQ8Ts2-ot1EitVIjAOh6F-HACWsMmS-U17hsqMh13J4ZYIRzo,
22-28-4030,3,Molex,22-28-4030,https://octopart.com/22-28-4030-molex-278171,"KK 254 Breakaway Header, Vertical, 3 Circuits, Tin (Sn) Plating, Mating Pin Length 6.09mm","Jumper, 3-pole, pins 1+2 closed/bridged","JP10,JP11,JP12",22-28-4030,Production (Last Updated: 2 years ago),18w,Compliant,15,WM50014-03-ND,538-22-28-4030,Bulk,Bulk,0.124,0.16,6574,20003,1,1,https://octopart.com/opatz8j6/a1?t=xop0bGD5UyE0Mb44b3xQvtFIAMy5JtWg1EQ1GCrDog55gOSuilUJsWmvOn8MI-5CUwAPc4AyCNd9dVgnPH1fbIdNiDk7Ujymb70yK5iP4dBw-eQTzpChTr2bgHWeTme5IJUkBpTFhyuBZZSn1vfkoSDvOUnfGlFV3mPbXqqLvz2f9mTmL_zBCt_KURgS9OED5fA9o0YsPApVGGD8Wy12Dy-bKE2q4hyGLy50ejQlvfSsthT3tla0bDiyb50Zpntn,https://octopart.com/opatz8j6/a1?t=W7tEjbp439kT3yFW10T4q4OxJ0IVLE9m3Skm2nCrsLSNJGP-U-svcJZ8N06efZti7jq_ITQc9ekAprUKigh-d6Bo4ay0Bea7GbkGokkXynVUcabDQD9vYyuexfPoZ9dp5lWYZlapoUlgR7FBfN20aJI_DtLEkhYXKnq16b4IifRrHEYBf4HQssbqQO_e_xYCSzeViTzOM5NYOCireQc2IRSZsUfykxeEXasgMh2hgfAiJx3T6xAfnspcAsj8FZF5_Q,Digi-Key,WM50014-03-ND,Bulk,0.124,0.372,1.8599999999999999,6574,1,https://octopart.com/opatz8j6/a1?t=xop0bGD5UyE0Mb44b3xQvtFIAMy5JtWg1EQ1GCrDog55gOSuilUJsWmvOn8MI-5CUwAPc4AyCNd9dVgnPH1fbIdNiDk7Ujymb70yK5iP4dBw-eQTzpChTr2bgHWeTme5IJUkBpTFhyuBZZSn1vfkoSDvOUnfGlFV3mPbXqqLvz2f9mTmL_zBCt_KURgS9OED5fA9o0YsPApVGGD8Wy12Dy-bKE2q4hyGLy50ejQlvfSsthT3tla0bDiyb50Zpntn,
GRM155R61E105KA12D,17,Murata,GRM155R61E105KA12D,https://octopart.com/grm155r61e105ka12d-murata-22455235,"Multilayer Ceramic Capacitor, 1 uF, 25 V, ± 10%, X5R, 0402 [1005 Metric]",Unpolarized capacitor,"C4,C8,C10,C21,C22,C29,C47,C48,C50,C51,C52,C53,C54,C55,C69,C88,C105",GRM155R61E105KA12D,Production (Last Updated: 2 weeks ago),21w,Compliant,85,490-10017-1-ND,81-GRM155R61E105KA2D,Cut Tape,Tape & Reel,0.0296,0.054,4833930,592930,1,1,https://octopart.com/opatz8j6/a1?t=IyEpE1k3AQ4TOs8QVopeR4GX5Gds9nefzLhvpYUkZdWES7V8H4TnA3O0Oct869BXnA3f6MtOB6vGEJZ9OdSbEKBKxhZGXFsr0-ZxPMNXekpZUV8lrceXyRcHfj-r5TJ52_vhTEBEcvtBO1X1-ALh9t1c6txA2UZTK3rby4y3OqyMBArS8eP53BzY47qpn1cd2Jpu3fQr3EgFGMWdmP-1WCLCE97EXRtqG0OH3YynAqjB1T3Myq8maTSRVY7Wx-ic5E66Rw,https://octopart.com/opatz8j6/a1?t=jrZrsCDcenAHxseJSSpQDk8UHnll6ySFAXXskKNzR0ozifo4MN2clWBXvw9RlBh8r9r6vr_bOLibKWKz9XYcdZ0MoHVA6WpWPaWZtNiUWpjtiMyaxb1Cdm87ApyhIPxbp2QTNG_a9sDwaIU5KkhoMfoS9yWT-bu70KpqvukpaPuYqPc6At-WIAduU-CNxjdGeWFHtXs74cqe1MKA38ZXuHFrdyfJb3KMNPOJ1Ivhd-bMw85l7du52cbom8H-G8RVRWOMpC0,Digi-Key,490-10017-1-ND,Cut Tape,0.0296,0.5032,2.516,4833930,1,https://octopart.com/opatz8j6/a1?t=IyEpE1k3AQ4TOs8QVopeR4GX5Gds9nefzLhvpYUkZdWES7V8H4TnA3O0Oct869BXnA3f6MtOB6vGEJZ9OdSbEKBKxhZGXFsr0-ZxPMNXekpZUV8lrceXyRcHfj-r5TJ52_vhTEBEcvtBO1X1-ALh9t1c6txA2UZTK3rby4y3OqyMBArS8eP53BzY47qpn1cd2Jpu3fQr3EgFGMWdmP-1WCLCE97EXRtqG0OH3YynAqjB1T3Myq8maTSRVY7Wx-ic5E66Rw,
GRM188R61A226ME15D,9,Murata,GRM188R61A226ME15D,https://octopart.com/grm188r61a226me15d-murata-39203794,"Multilayer Ceramic Capacitor, 22 uF, 10 V, ± 20%, X5R, 0603 [1608 Metric]",Unpolarized capacitor,"C1,C33,C34,C76,C78,C86,C87,C91,C93",GRM188R61A226ME15D,Production (Last Updated: 2 weeks ago),21w,Compliant,45,490-10476-1-ND,81-GRM188R61A226ME5D,Cut Tape,Tape & Reel,0.148,0.089,1023163,1271330,1,1,https://octopart.com/opatz8j6/a1?t=cuF-v2jcW9sRAqedxa4NAHb7ohZmhB-1gNwg26tQOymWNTUmbHJemXIau83dpFqb4ED8lgyHynxxDYMRuX9onBkkpguWvpH7On4M8-Uo-EN0tm0eTN9cgQNn8bd-PlF8q3hRSlx7pTXQTtJARYYWoK8y4Z24gn_UivdVgxXsvLWNfMZN9Rj8TvcdNB4KMr09_UQdu44WE9WgMtvf88ajnXgxqVtkGf7ik5lUbxSi4_SUg-rvn2bWkP3J2McOhJVO6Fh2ow,https://octopart.com/opatz8j6/a1?t=YjtBFGFhTdCUQAxwFGyuASZUt03JWEwpinLmNxyrWL6v4B9yFuc1InVx1d5edojiFD-1TJPwZvjWuso0YqC12m86EPJr8lgHr5PF0C8Amojml4oGYTbnxWbvOjERnZyRdcuVaTIa8tbL1vbvwXCMulHEFsIU2yNvMO7N9v6I0Uivb57ZTlrFE3oaYT1DMWpJlCxVGPQ79ie9cZi6zsCktS7faOfkL5_QoaiEGFen0nmVydM5Lotk6YSBn4M1miZmUJ1spBw,Mouser,81-GRM188R61A226ME5D,Tape & Reel,0.089,0.8009999999999999,4.005,1271330,1,https://octopart.com/opatz8j6/a1?t=YjtBFGFhTdCUQAxwFGyuASZUt03JWEwpinLmNxyrWL6v4B9yFuc1InVx1d5edojiFD-1TJPwZvjWuso0YqC12m86EPJr8lgHr5PF0C8Amojml4oGYTbnxWbvOjERnZyRdcuVaTIa8tbL1vbvwXCMulHEFsIU2yNvMO7N9v6I0Uivb57ZTlrFE3oaYT1DMWpJlCxVGPQ79ie9cZi6zsCktS7faOfkL5_QoaiEGFen0nmVydM5Lotk6YSBn4M1miZmUJ1spBw,
GRM188R61E106KA73J,11,Murata,GRM188R61E106KA73J,https://octopart.com/grm188r61e106ka73j-murata-87443062,"Multilayer Ceramic Capacitor, 10 uF, 25 V, ± 10%, X5R, 0603 [1608 Metric]",Unpolarized capacitor,"C17,C20,C25,C27,C42,C43,C67,C68,C75,C77,C80",GRM188R61E106KA73J,Production (Last Updated: 2 weeks ago),21w,Non-Compliant,55,490-GRM188R61E106KA73JCT-ND,81-GRM188R61E106KA3J,Cut Tape,Tape & Reel,0.127,0.127,70909,79602,1,1,https://octopart.com/opatz8j6/a1?t=Tc_tZOYs6nS3YcOujACnSs3ajKVIx14dMxHvABHPpddsPbdjYwiRGgviV_eDLMuGaBoa1DIG1E-UtxWn74beJDTnz3Br5YFtmsCTlmg2L_t2Y7hYX-qBwSKsEXT4FbUcASr4kt7FiwaHIk5w1U0tjIByNX84frJLlfnJ2UYnr75RU-p6fxdLYcBknfgrIOCWzOoF3TadTBM-FyMkKSOkB9AvttxtExwtGmFpRbAXTFqsN_GipsSE40PzZ51hlJacHI0tkA,https://octopart.com/opatz8j6/a1?t=QnEA0C55qZf7WDoWPts6SOJP0J_MMTT1M2uBt_zcdSQvgGhqAkCsSkRVcEn3LKFjAZg6WQuRV5sqrKC7o5hkW9C-NOTxnctuS8eylbPKB6-Rh72lej7Q07aM73LEKy5Umn5lyxl7rlmc9TOtTMu2fBHWeZGYq2aBB6B59_XHs73wYslCkyrqf5pSosbT7aLC3qdfpRXZCtdNN0xHsLF4MsJ000KTJI4UaR0H5oaiSQsIGSdB06NvysoEuFVFgQj0o2-WNAo,Digi-Key,490-GRM188R61E106KA73JCT-ND,Cut Tape,0.127,1.397,6.985,70909,1,https://octopart.com/opatz8j6/a1?t=Tc_tZOYs6nS3YcOujACnSs3ajKVIx14dMxHvABHPpddsPbdjYwiRGgviV_eDLMuGaBoa1DIG1E-UtxWn74beJDTnz3Br5YFtmsCTlmg2L_t2Y7hYX-qBwSKsEXT4FbUcASr4kt7FiwaHIk5w1U0tjIByNX84frJLlfnJ2UYnr75RU-p6fxdLYcBknfgrIOCWzOoF3TadTBM-FyMkKSOkB9AvttxtExwtGmFpRbAXTFqsN_GipsSE40PzZ51hlJacHI0tkA,
GRM1555C1H270JA01J,6,Murata,GRM1555C1H270JA01J,https://octopart.com/grm1555c1h270ja01j-murata-18814412,"Multilayer Ceramic Capacitor, 27 pF, 50 V, ± 5%, C0G (NP0), 0402 [1005 Metric]",Unpolarized capacitor,"C2,C3,C18,C19,C45,C46",GRM1555C1H270JA01J,NRND (Last Updated: 2 weeks ago),21w,Compliant,30,490-11384-1-ND,81-GRM1555C1H270JA1J,Cut Tape,Tape & Reel,0.022,0.01,179837,73028,1,1,https://octopart.com/opatz8j6/a1?t=0oogP_0e0rmJjsdD4c1olrfVlW_iCoi_bzg2CPiH2jXLERJmNNvKzqIZNcqi0jqpRJYh2UTmnq7ujYHQCzNMoa_lGpUfyRTCcTJmo0hWjZ0sMwKMhUvArPhAVR4tmvD6LQv5MfLUiczR9DQDIQNFbrVk31JQ76F5_QhTODGbjQtUHObCdQXCMaAKVafbMtKOFlARE4TZYBcdLJv3j_ax36DT42JKbi6uESfVpC0diZLeLNiK5RIcFyDhPWDZQ0C-OBXTkQ,https://octopart.com/opatz8j6/a1?t=1lXpLUIRBDQHeAGbSxqZpxfFPsH42bTJRUc4gJqe1J8pL7NWinEiwPdjZlwkEFK1fiy70EtK7x_75b0gDKDHeP2P5bsAhH3-4LekKa5EH0sqMhx7NQNqNy9rUAjkKCZa6fpnkeGjzIh996TwG21OQ6nGJitKanp9ECwoCzE8LXiuB36_evrFswocxNOgyasaXilTZPhuLFjvE99Wm49Q23wj38UP8QfbsucFbJs8hERJsvRG5UDgYH2bFcZyP-l6vraa8A,Mouser,81-GRM1555C1H270JA1J,Tape & Reel,0.01,0.06,0.3,73028,1,https://octopart.com/opatz8j6/a1?t=1lXpLUIRBDQHeAGbSxqZpxfFPsH42bTJRUc4gJqe1J8pL7NWinEiwPdjZlwkEFK1fiy70EtK7x_75b0gDKDHeP2P5bsAhH3-4LekKa5EH0sqMhx7NQNqNy9rUAjkKCZa6fpnkeGjzIh996TwG21OQ6nGJitKanp9ECwoCzE8LXiuB36_evrFswocxNOgyasaXilTZPhuLFjvE99Wm49Q23wj38UP8QfbsucFbJs8hERJsvRG5UDgYH2bFcZyP-l6vraa8A,
fpf1048bucx,1,onsemi,FPF1048BUCX,https://octopart.com/fpf1048bucx-onsemi-84327717,"IntelliMAX™ 3A-Capable, Slew-Rate-Controlled Load Switch with True Reverse Current Blocking",,U16,fpf1048bucx,Production (Last Updated: 2 years ago),99w,Compliant,5,FPF1048BUCXCT-ND,512-FPF1048BUCX,Cut Tape,Tape & Reel,0.82,0.82,16361,34367,1,1,https://octopart.com/opatz8j6/a1?t=fUsBY1Ysc1DMOhew1m-zTczlyYPgX1Plqzl3f4MDoiMOuWvjIpuvI2iNziMSEKFP2rhy6fCDiyyjO_sJwICvMy3Tzr7MPopdJI0859aWCCIUvHIpwX1Zti0EUQPtLGLmnnnewIrOU90HLPReAVe1mXJBJkZZP6rAxMUficnK8ov1FGcoTzF_74vu0Fkpb-AqX9MYzax5Cl8RgvOSPTNuRPv4N-kuMxtr7lKxGL3vFdUbaqHD9mrOAUcAuay6F8sS9DUv,https://octopart.com/opatz8j6/a1?t=Knj-yj7n3Z1uTt_v0eaMKLUTURHe95C1hz1410iRwtFLWz0E858YD9xMt7BItb6xdt2no63T2kI4lAuPfK0DnKIrTTLlNNkUqWIwP3AzdqJZLf_oS2o61rGlQlk2vJl-K69Bi6Iwm_ZqnVwyjLcwJ0z0JptnLwIaqNYz_a52sHqWQ-KX2QOlb4aWdRWV4OOvgCBbNVTbDNbZFTyUcghLyNma0Le9gVY4bHOueHXM8Uw5VlofN5ddWLrmW_1xXk3SkDUKVw,Digi-Key,FPF1048BUCXCT-ND,Cut Tape,0.82,0.82,4.1,16361,1,https://octopart.com/opatz8j6/a1?t=fUsBY1Ysc1DMOhew1m-zTczlyYPgX1Plqzl3f4MDoiMOuWvjIpuvI2iNziMSEKFP2rhy6fCDiyyjO_sJwICvMy3Tzr7MPopdJI0859aWCCIUvHIpwX1Zti0EUQPtLGLmnnnewIrOU90HLPReAVe1mXJBJkZZP6rAxMUficnK8ov1FGcoTzF_74vu0Fkpb-AqX9MYzax5Cl8RgvOSPTNuRPv4N-kuMxtr7lKxGL3vFdUbaqHD9mrOAUcAuay6F8sS9DUv,
ERJ-3RQJR39V,2,Panasonic,ERJ-3RQJR39V,https://octopart.com/erj-3rqjr39v-panasonic-55422222,Res Thick Film 0603 0.39 Ohm 5% 1/10W ±300ppm/°C Molded SMD Punched Carrier T/R,Resistor,"R29,R30",ERJ-3RQJR39V,Production (Last Updated: 2 years ago),55w,Compliant,10,P.39AHCT-ND,667-ERJ-3RQJR39V,Cut Tape,Tape & Reel,0.128,0.063,14371,14722,1,1,https://octopart.com/opatz8j6/a1?t=zjKd9wfAwjUHgYRwA7uBMlJIPbjujZvkeuaVpAb59vW8k5D1hCjXEVyFGNslgJ00AlBRKKc5-pEgDvJw9wf5FVC_hgjScFqK89r-FovVI9TZc3WKU4dCQ3jKOIBqZ1JPKJlf81ErCxJuTVSYbkbezxPk5dmuExBXOHqeQ0jI-WG0F37zlcpysI4E6ZSxwrFI5lNT6JJs5zghSAjiqxSLLQi2JX2V-3tJThBv3EvhhwFqpzpXS-YkpWJuruHI_3VT7yvBlw,https://octopart.com/opatz8j6/a1?t=8jjRcaESxuV_3yBaOitcJtsgqs8Uju13ONGddqRk56C0FBy5mh_TuU2HEZ9_A3r8inpHvZ8AxHPCWQNHavNL4CCPpYtKgUhmOGse5_xifTPxCbnXpT5U-sKeZvZSb1xPTQScAxSPFFAi6CsaKEE-tQ8BpJv2DMalJEKPglAODRtM6gNpvprWxyMko6_7TRtS90RIdaiT68_FtDfDH7vOk9atixd2ZrKJVLq7zyTYwJUfd5PoV8_dQ1bDl1YCzqcfgVkG-Xc,Mouser,667-ERJ-3RQJR39V,Tape & Reel,0.063,0.126,0.63,14722,1,https://octopart.com/opatz8j6/a1?t=8jjRcaESxuV_3yBaOitcJtsgqs8Uju13ONGddqRk56C0FBy5mh_TuU2HEZ9_A3r8inpHvZ8AxHPCWQNHavNL4CCPpYtKgUhmOGse5_xifTPxCbnXpT5U-sKeZvZSb1xPTQScAxSPFFAi6CsaKEE-tQ8BpJv2DMalJEKPglAODRtM6gNpvprWxyMko6_7TRtS90RIdaiT68_FtDfDH7vOk9atixd2ZrKJVLq7zyTYwJUfd5PoV8_dQ1bDl1YCzqcfgVkG-Xc,
ERJ-8CWJR010V,1,Panasonic,ERJ-8CWJR010V,https://octopart.com/erj-8cwjr010v-panasonic-26471491,Res Thick Film 1206 10m Ohm 5% 1W ±50ppm/°C Molded SMD Punched Paper T/R,Resistor,R51,ERJ-8CWJR010V,Production (Last Updated: 2 years ago),29w,Compliant,5,P0.01BWCT-ND,667-ERJ-8CWJR010V,Cut Tape,Tape & Reel,0.53,0.58,57108,5534,1,1,https://octopart.com/opatz8j6/a1?t=qokJOvq9tAXifrg4thyBopEyy8nD9_JG3CGZ74OR6xc2ihyW64FBN3ONNI7qWrVZJpxhBQ-cp7S0Lj9VVkXlRuSXo4g72xdaVtJ3Ns7F2x6zmODY_U_v9s-b2M1AnQnhSql_2tAOlyakXX-RcLIJ2_yQDeJF5VJ7DYkAv-QKNKWsM8dguxP65H72sAwn7QnzmauZ3ntlvDmlTcZLh_s15jvC8vCIgk1aEgkeRt2REt1L14ci6TBJZnqf3KZuuQ41lKeENg,https://octopart.com/opatz8j6/a1?t=E9Y_rRJcei14kj2OC0N8bcXRsylKt_za66cQ4BNt1apxvbgWSPjB4zvzT-yc8pRIVfc0saiuiqfj-pzmNdtdpmulGzw5Z3ue83GTPyqzC7kTbJq1s_TqBHO99mNb5pLxIltt44oZxZZscnO3RaDPMiXk7CDFvm1H2ahL7bIQ9PP6Bsrxw499POkQjPX2lGg2H9Xuyw9XaSCUSppQ9peGvDRcaem62Xn7BgBdZGKf-bSwWqQ02ZQ8syKIzIw0f4J_S4BGucY,Digi-Key,P0.01BWCT-ND,Cut Tape,0.53,0.53,2.6500000000000004,57108,1,https://octopart.com/opatz8j6/a1?t=qokJOvq9tAXifrg4thyBopEyy8nD9_JG3CGZ74OR6xc2ihyW64FBN3ONNI7qWrVZJpxhBQ-cp7S0Lj9VVkXlRuSXo4g72xdaVtJ3Ns7F2x6zmODY_U_v9s-b2M1AnQnhSql_2tAOlyakXX-RcLIJ2_yQDeJF5VJ7DYkAv-QKNKWsM8dguxP65H72sAwn7QnzmauZ3ntlvDmlTcZLh_s15jvC8vCIgk1aEgkeRt2REt1L14ci6TBJZnqf3KZuuQ41lKeENg,
SC0914(13),1,Raspberry Pi,SC0914(13),https://octopart.com/sc0914%2813%29-raspberry+pi-123164421,,,U3,SC0914(13),,12w,,5,2648-SC0914(13)CT-ND,,Cut Tape,,1,,116943,,1,,https://octopart.com/opatz8j6/a1?t=MS9J2N2g5aH0uxod755-EKTTBMmopoDrTfjWAwiCmfaDywHE_JO1OoIQp_hM17_t0eXgh3VSHyUS5l5225WpHhubSz-VUFZ7QfBeY2YeoWh154zvgBJ8bzebIC5veB_EMi2FFGVol7bhU9cJnzSVVrLa6hMhTDInOFlFQTrRSBUJB7O5lVagAJ4Mtd0rxFzBtFne-3sgtwSirR6oXOfnEY7XSAss4UMicAxzOLQaUn6yaQ_9d_z6P5LhL8ruMwc2tE-JRQ,,Digi-Key,2648-SC0914(13)CT-ND,Cut Tape,1,1,5,116943,1,https://octopart.com/opatz8j6/a1?t=MS9J2N2g5aH0uxod755-EKTTBMmopoDrTfjWAwiCmfaDywHE_JO1OoIQp_hM17_t0eXgh3VSHyUS5l5225WpHhubSz-VUFZ7QfBeY2YeoWh154zvgBJ8bzebIC5veB_EMi2FFGVol7bhU9cJnzSVVrLa6hMhTDInOFlFQTrRSBUJB7O5lVagAJ4Mtd0rxFzBtFne-3sgtwSirR6oXOfnEY7XSAss4UMicAxzOLQaUn6yaQ_9d_z6P5LhL8ruMwc2tE-JRQ,
CL05A104KA5NNNC,41,Samsung,CL05A104KA5NNNC,https://octopart.com/cl05a104ka5nnnc-samsung-19018960,"Multilayer Ceramic Capacitor, 0.1 uF, 25 V, ± 10%, X5R, 0402 [1005 Metric]",Unpolarized capacitor,"C5,C6,C7,C9,C11,C12,C13,C14,C15,C16,C24,C32,C35,C36,C37,C38,C39,C40,C41,C44,C57,C58,C59,C60,C61,C62,C63,C64,C65,C66,C70,C71,C72,C73,C74,C85,C90,C92,C102,C103,C104",CL05A104KA5NNNC,Production (Last Updated: 2 years ago),22w,Compliant,205,1276-1043-1-ND,187-CL05A104KA5NNNC,Cut Tape,Tape & Reel,0.0045,0.005,28461844,1755131,1,1,https://octopart.com/opatz8j6/a1?t=wnmUUYh2d2f9720tcKkLjWWa8F3JueVjjcAxzySJOt2V6pEg1vVlWRRhlorgEfJga3wj1ZFfQd2P4efJkCxaIiP9x_N9qUhhr2pXdQsW04T-6SGQn16ppreyhpBDy0jvaInHaOFblIT80bZOHr-yIDHLY25ZOaPZUu4RlxctMgojl0r8AI9GtkGAzrShjWuoDOxHaYnVMInE3It2NyWm_vE0dS1FuvO0TKHp-cbNq9iF13qPLPcE7lFiQOckPV8gTnNW,https://octopart.com/opatz8j6/a1?t=0zyjIwbx4eVOjNEVqTHcfH6bS72LIDrNrxjlPf_FX3CBN-NEnYxWL999tUtsEWXLpbdVC4uaAW3DTJQvaaLEBNgS_Np5i-P8Vaw_zaR2tZjOLRG5bT_d5GbhadqhXW8QR761oedxLFP6jcylAEj4-vBzcNyqaQVCDRxILvOeSnR4W9u8FwxpTGv-QVvbPyphhAxx_FP_KCoPz45uyYFvsu7Z6ZfGwHECuVbxXiVw_cxhUsA3rXBkAt4T6Y7Hxh1znVw0Pts,Digi-Key,1276-1043-1-ND,Cut Tape,0.0045,0.1845,0.9224999999999999,28461844,1,https://octopart.com/opatz8j6/a1?t=wnmUUYh2d2f9720tcKkLjWWa8F3JueVjjcAxzySJOt2V6pEg1vVlWRRhlorgEfJga3wj1ZFfQd2P4efJkCxaIiP9x_N9qUhhr2pXdQsW04T-6SGQn16ppreyhpBDy0jvaInHaOFblIT80bZOHr-yIDHLY25ZOaPZUu4RlxctMgojl0r8AI9GtkGAzrShjWuoDOxHaYnVMInE3It2NyWm_vE0dS1FuvO0TKHp-cbNq9iF13qPLPcE7lFiQOckPV8gTnNW,
CL05B103KA5NNNC,1,Samsung,CL05B103KA5NNNC,https://octopart.com/cl05b103ka5nnnc-samsung-19831051,"Multilayer Ceramic Capacitor, 0.01 uF, 25 V, ± 10%, X7R, 0402 [1005 Metric]",Unpolarized capacitor,C84,CL05B103KA5NNNC,Production (Last Updated: 2 years ago),22w,Compliant,5,1276-1057-1-ND,187-CL05B103KA5NNNC,Cut Tape,Tape & Reel,0.1,0.1,2741155,273411,1,1,https://octopart.com/opatz8j6/a1?t=zB1IfbXTu-c2FXuy_JZ1RYj4NIV0To54ve6GizRtggjXwKj_IXCKnFyA3RuZZLspZrB8cd3SBa7LoElhQdV4hz18_Q96xIzvF_K85lw_kIS0WWPpX0A-NedeeG4i840UiNhIFP414DsDPqn2IF-XM5tC6He24aOvdtPFfEc9msf3gxrPz42yHvj_KxYve62kNK-t9SXmispmyF-1wiQN3--MWZMT_JMmQ0HT7P67NACH5-OCMwHiNvEB8jUsnZbO4tIx,https://octopart.com/opatz8j6/a1?t=Gm5gmFRVxC4ByPrSmSvfGD7vbG2XD3w2e74oDMihQPfP9P4MrYAieaBvLJcK4DeEDFkwzfRr1LonqW9BR4K_U7GQH3G40UvN5uBZXjJv1FNd2IKr3QSaKR9n9AMIidW4o8fYOI1uwktH336yxGU_rJ_Kjh58vulMxpHOgJEi21ZBxJgYVoM13KefEM6vEz7CmHwqsPFvt1hx7vcL1s1ilyKYrrDajIvftAErbtr6jf2iswamY65xyoi0JjEAQBQOxgBNOf0,Digi-Key,1276-1057-1-ND,Cut Tape,0.1,0.1,0.5,2741155,1,https://octopart.com/opatz8j6/a1?t=zB1IfbXTu-c2FXuy_JZ1RYj4NIV0To54ve6GizRtggjXwKj_IXCKnFyA3RuZZLspZrB8cd3SBa7LoElhQdV4hz18_Q96xIzvF_K85lw_kIS0WWPpX0A-NedeeG4i840UiNhIFP414DsDPqn2IF-XM5tC6He24aOvdtPFfEc9msf3gxrPz42yHvj_KxYve62kNK-t9SXmispmyF-1wiQN3--MWZMT_JMmQ0HT7P67NACH5-OCMwHiNvEB8jUsnZbO4tIx,
CL10A225KP8NNNC,2,Samsung,CL10A225KP8NNNC,https://octopart.com/cl10a225kp8nnnc-samsung-9301961,"Multilayer Ceramic Capacitor, 2.2 uF, 10 V, ± 10%, X5R, 0603 [1608 Metric]",Unpolarized capacitor,"C28,C49",CL10A225KP8NNNC,Production (Last Updated: 2 years ago),22w,Compliant,10,1276-1085-1-ND,187-CL10A225KP8NNNC,Cut Tape,Tape & Reel,0.052,0.055,2235627,287081,1,1,https://octopart.com/opatz8j6/a1?t=K-oGXWaoQB18q2LMmsGYwcv3AdWoYQaqo-9XnxXQAjdDD0pnci9eY-Stx8U0aIb1UXVQZu4cEwJ0vNDFt1pZxCGHJef4q70cBzdIv_vLoMZTBqzFlS9QM1W1NTtlW1jNziW9Hr4NJ_YZj1cB38Lqnx7Rp4DGjfZ7KjjGAARQvcqEYkwiEga89_c3BgALbUKn4Gu65DrfN5HlTVCwO4VtehNN6F9DH9f0v12O-Zdv6THbwJ92-aH-TwtcPL54aQcvkJo,https://octopart.com/opatz8j6/a1?t=B66Abv-0d9FgqRGEmDFJ6aQi0gGm42siqdjNzidzqRElYcZo3Ieq_7h3FtqeLObQ4iT4q563DpPlRUZyrn3vSS92y2lb4zoysjZXuTjKf0k784A0uByjn_UWQ0wPAgZ-a0bIeDMK-KJEauamahu8r0wegPg7aXM0RMY2e1WMh8p8Teiu2otjuIjYk2jZVI_ex4RSm91ujR4A61Am7yrHvoLXmtvaehyIq_ooeby9YsUSfU3S1QtyrZC3bFh9Kbgry4jk6w,Digi-Key,1276-1085-1-ND,Cut Tape,0.052,0.104,0.52,2235627,1,https://octopart.com/opatz8j6/a1?t=K-oGXWaoQB18q2LMmsGYwcv3AdWoYQaqo-9XnxXQAjdDD0pnci9eY-Stx8U0aIb1UXVQZu4cEwJ0vNDFt1pZxCGHJef4q70cBzdIv_vLoMZTBqzFlS9QM1W1NTtlW1jNziW9Hr4NJ_YZj1cB38Lqnx7Rp4DGjfZ7KjjGAARQvcqEYkwiEga89_c3BgALbUKn4Gu65DrfN5HlTVCwO4VtehNN6F9DH9f0v12O-Zdv6THbwJ92-aH-TwtcPL54aQcvkJo,
CL10B224KA8NNNC,2,Samsung,CL10B224KA8NNNC,https://octopart.com/cl10b224ka8nnnc-samsung-19831658,"Multilayer Ceramic Capacitor, 0.22 uF, 25 V, ± 10%, X7R, 0603 [1608 Metric]",Unpolarized capacitor,"C30,C31",CL10B224KA8NNNC,Production (Last Updated: 2 years ago),22w,Compliant,10,1276-1111-1-ND,187-CL10B224KA8NNNC,Cut Tape,Tape & Reel,0.039,0.022,822045,320018,1,1,https://octopart.com/opatz8j6/a1?t=wEu_cd0EVXAAd80hnb9RTqkO9xqtwyh8vh1zuBg56sXclmUWCIQ42zJvzZK0-Ijxj2qRi3zqEyy4ctWebMYXm_Nz5Hpb-jtoyTvH48LdTA4lM0v1b_jiR2BOLeBltvJUO8VOaRHSoCRMCpyY8i3Yd6IfM7iBwcjLPX0u4R5gpRZOowYbwoyIVa9JkZDlcWlTAUZY6IVS8fJ4U7ppWopA6BUloSQkCRx0y16eRzaeKgRR2OKIo0YC92EPIqsygOH72zzA,https://octopart.com/opatz8j6/a1?t=PPjG9yz_0IE-n_IebqKECmE5PJATgeoEchcafwesiduFSbLX0oFRtFzvhMn5JQaDVAMlm2FeztIuonlw2Aul1Qo6GOIfAVegw_YwX-RSou1moixGlvkd3U4iSe4iGyXvLMXFZyb1aoepQwM-YfmNyamB0JW-mNZn9PDjVV4UeBtaDN9hbjcd26QOuueJWicp_nE7loYyeTfshmwplW04yBg5-o0g_J7l2QiL-aZ3gulVSivrMDQ2mmyolCrPoGTLZH2KEG8,Mouser,187-CL10B224KA8NNNC,Tape & Reel,0.022,0.044,0.21999999999999997,320018,1,https://octopart.com/opatz8j6/a1?t=PPjG9yz_0IE-n_IebqKECmE5PJATgeoEchcafwesiduFSbLX0oFRtFzvhMn5JQaDVAMlm2FeztIuonlw2Aul1Qo6GOIfAVegw_YwX-RSou1moixGlvkd3U4iSe4iGyXvLMXFZyb1aoepQwM-YfmNyamB0JW-mNZn9PDjVV4UeBtaDN9hbjcd26QOuueJWicp_nE7loYyeTfshmwplW04yBg5-o0g_J7l2QiL-aZ3gulVSivrMDQ2mmyolCrPoGTLZH2KEG8,
CL10B474KO8NNNC,2,Samsung,CL10B474KO8NNNC,https://octopart.com/cl10b474ko8nnnc-samsung-9301678,"Multilayer Ceramic Capacitor, 0.47 uF, 16 V, ± 10%, X7R, 0603 [1608 Metric]",Unpolarized capacitor,"C26,C56",CL10B474KO8NNNC,Production (Last Updated: 2 years ago),22w,Compliant,10,1276-1062-1-ND,187-CL10B474KO8NNNC,Cut Tape,Tape & Reel,0.047,0.026,286302,188744,1,1,https://octopart.com/opatz8j6/a1?t=kKrcEMFf0LTefhXCnhz-Uu5z1uIcar8-5xJShJVw7jk9CEWri4EjIsrMHiPXwTVEmNPV0B7q-CqRvzBqDJwe2H88-bhE3Yk0IEPBWXn6BoyKfQal9wXUyp0YPVB8j4OdHRcmVbg4GNv2Nszhgs7FxRNrHq9dXEyzWkbUmtRI3JhZHNaxckP7zzAqFBmTDxeCYV24-HBuzs0Hklm9wP5_S9xR6RJnqiJtgqrCx_GCIlSSBxCQ6WL68Y2yS9Q8uZ-cvDU,https://octopart.com/opatz8j6/a1?t=-1e1c0aDglqXuF_NY1iOtu5esMkgcimqkPPsBuxqQCY-wlNRUsoJ-GhhwpVW6QcJaxTYY5DJvQ6HDfIDozQkWHJKWJkX3oFkVCJE1KgTdClDCI60-69p6w9uBIDwns57BtKX-oyNAJ99npPQjDNoPjLTC17m-eKejZQazPhkHUpNBbtU9nQlMY9EUpqgg0gqxUtycVDfqXQ9drMOxhgqBkHpAdFsWZk_Spn9NIyKC7q_OMHfxjpFv6xRFoEeoTGEwrepbw,Mouser,187-CL10B474KO8NNNC,Tape & Reel,0.026,0.052,0.26,188744,1,https://octopart.com/opatz8j6/a1?t=-1e1c0aDglqXuF_NY1iOtu5esMkgcimqkPPsBuxqQCY-wlNRUsoJ-GhhwpVW6QcJaxTYY5DJvQ6HDfIDozQkWHJKWJkX3oFkVCJE1KgTdClDCI60-69p6w9uBIDwns57BtKX-oyNAJ99npPQjDNoPjLTC17m-eKejZQazPhkHUpNBbtU9nQlMY9EUpqgg0gqxUtycVDfqXQ9drMOxhgqBkHpAdFsWZk_Spn9NIyKC7q_OMHfxjpFv6xRFoEeoTGEwrepbw,
CL21A475KAQNNNG,4,Samsung,CL21A475KAQNNNG,https://octopart.com/cl21a475kaqnnng-samsung-22361255,"Multilayer Ceramic Capacitor, 4.7 uF, 25 V, ± 10%, X5R, 0805 [2012 Metric]",Unpolarized capacitor,"C23,C97,C100,C101",CL21A475KAQNNNG,Production (Last Updated: 2 years ago),22w,Compliant,20,1276-6462-1-ND,187-CL21A475KAQNNNG,Cut Tape,Tape & Reel,0.073,0.042,176015,225603,1,1,https://octopart.com/opatz8j6/a1?t=2c4ql1w25szvzuLdXDWshJaTjHZmkD3KRjUq9pyALUvdEA-TKbyZ4l_UtN-5-VhVQX4-N_KUuBGXjKUTrXDjP_ps5FXxhp8sFPArJ8mpuOpliZigIvF5jxHpwlDCHb0KRIZk30lcK60l2VtsE7DHSeBUxyCrNbJ5uPoZkDctw4GaU_sVmWc6F9frWgYTQMYQI8VTbCDdvGcRYbSSljym23uaUeFCXKYr5uShXd_RXXh2cZMHV9WcSaTFtoHCXV-1oSAASg,https://octopart.com/opatz8j6/a1?t=r5ib5Ys4UrccaRGPOBbz5Lza0XPNCF8KNGefOrqKFWis3Ai5thi2TKyAbmsfSMNI4-nRBKTpR46ar7VfGf48oQx_SW2HccvphurYH_XMFJJA7R0WFbQCxdhjcMDURsSv-n_MpLFDl7LF7-H-dSqEOtRjduEWtXGJLRPssL5kTroE7a5R7Nh4uBJQKbCEOPoOtNTVhDGZSQp_9miBIthtd39BHm8UpefZP_P-mXXJif9F-xDYWwXSpgfEbwaGmFTgMGc2qOs,Mouser,187-CL21A475KAQNNNG,Tape & Reel,0.042,0.168,0.8400000000000001,225603,1,https://octopart.com/opatz8j6/a1?t=r5ib5Ys4UrccaRGPOBbz5Lza0XPNCF8KNGefOrqKFWis3Ai5thi2TKyAbmsfSMNI4-nRBKTpR46ar7VfGf48oQx_SW2HccvphurYH_XMFJJA7R0WFbQCxdhjcMDURsSv-n_MpLFDl7LF7-H-dSqEOtRjduEWtXGJLRPssL5kTroE7a5R7Nh4uBJQKbCEOPoOtNTVhDGZSQp_9miBIthtd39BHm8UpefZP_P-mXXJif9F-xDYWwXSpgfEbwaGmFTgMGc2qOs,
RMCF0402JT27R0,2,Stackpole Electronics,RMCF0402JT27R0,https://octopart.com/rmcf0402jt27r0-stackpole+electronics-19212711,Res Thick Film 0402 27 Ohm 5% 0.063W(1/16W) ±100ppm/C Pad SMD Automotive T/R,Resistor,"R3,R4",RMCF0402JT27R0,,17w,Compliant,10,RMCF0402JT27R0CT-ND,,Cut Tape,,0.01,,454913,,1,,https://octopart.com/opatz8j6/a1?t=D4gKlBgyp60Asw4T9IQLGTan_5SlSCMMk4js7a_sOrTxBgwdYFO-qfVU75McP56ESMd9YcBd8RxLniQIsTV-16fZneGUvx1mCNeP3skCzFZhnRMuFULjTTGJfdkvi7nW6lh3hIbOW9ScguzwuW08SfcwWw_wPUyJBW2yXWg25nBhFmRaftD2I9ksqril8pd_lZoHGVNtEX23LvyIYWNv5ufb-PmhDtIOevVdNCA6AIUAKLrOlP4cxt2gUzUQ1T0gMlJ8,,Digi-Key,RMCF0402JT27R0CT-ND,Cut Tape,0.01,0.02,0.1,454913,1,https://octopart.com/opatz8j6/a1?t=D4gKlBgyp60Asw4T9IQLGTan_5SlSCMMk4js7a_sOrTxBgwdYFO-qfVU75McP56ESMd9YcBd8RxLniQIsTV-16fZneGUvx1mCNeP3skCzFZhnRMuFULjTTGJfdkvi7nW6lh3hIbOW9ScguzwuW08SfcwWw_wPUyJBW2yXWg25nBhFmRaftD2I9ksqril8pd_lZoHGVNtEX23LvyIYWNv5ufb-PmhDtIOevVdNCA6AIUAKLrOlP4cxt2gUzUQ1T0gMlJ8,
RMCF0603FT2K00,1,Stackpole Electronics,RMCF0603FT2K00,https://octopart.com/rmcf0603ft2k00-stackpole+electronics-19213115,Res Thick Film 0603 2K Ohm 1% 0.1W(1/10W) ±100ppm/C Pad SMD Automotive T/R,Resistor,R48,RMCF0603FT2K00,,17w,Compliant,5,RMCF0603FT2K00CT-ND,,Cut Tape,,0.1,,2023157,,1,,https://octopart.com/opatz8j6/a1?t=P5tvLANXOzsVmN3teIZJmeKyeAx21g26Zu-6FMm8FYHsCnaZcHa-bCkPZ09FJwZZjmw933lp71oWhlynlbrh5pLaQ_5pii48j4dJUc_LXFr5_cBFA3wdtluRLBLqdmWtQewF9bC9dIXX1In4hJ5sL9G-HZjT0aUzufZV6OL59qTlLzXpHZt-LhbhNNiMot3BAXayZOiVGLkm-NiusiAHxby0-pzjt18KAWQs0Eu1Ly1EiRAv3caU-cIJzyiFfCx5XvRd,,Digi-Key,RMCF0603FT2K00CT-ND,Cut Tape,0.1,0.1,0.5,2023157,1,https://octopart.com/opatz8j6/a1?t=P5tvLANXOzsVmN3teIZJmeKyeAx21g26Zu-6FMm8FYHsCnaZcHa-bCkPZ09FJwZZjmw933lp71oWhlynlbrh5pLaQ_5pii48j4dJUc_LXFr5_cBFA3wdtluRLBLqdmWtQewF9bC9dIXX1In4hJ5sL9G-HZjT0aUzufZV6OL59qTlLzXpHZt-LhbhNNiMot3BAXayZOiVGLkm-NiusiAHxby0-pzjt18KAWQs0Eu1Ly1EiRAv3caU-cIJzyiFfCx5XvRd,
RMCF0603FT14K0,1,Stackpole Electronics,RMCF0603FT14K0,https://octopart.com/rmcf0603ft14k0-stackpole+electronics-19212968,Res Thick Film 0603 14K Ohm 1% 1/10W ±100ppm/°C Molded SMD SMD Paper T/R,Resistor,R55,RMCF0603FT14K0,,17w,Compliant,5,RMCF0603FT14K0CT-ND,,Cut Tape,,0.1,,409662,,1,,https://octopart.com/opatz8j6/a1?t=vXXdHuiaqqDRIbGJ-r0Gl0zHALhLWeVkmnSjUg_btpxmJCyu_1P2dfY_SxF8HzbIeN0FKPRfzvX-AHA1ewfA9T2TTG4NfdZJFlVJOr-gB1BLqcsWnBgvaUmy8mr4EtqrLrQbiB9X6dGDQOsoPyy1anX9bebMCLhpArA-miX1sG2R7XjMrwdr-okCm5U0Fisc4UfDH1SJjSnaMxpKcJaL--Azey5rtALDIgkXttb4XAd1KkPzCmBtRcHMMdua5sKUnZCt,,Digi-Key,RMCF0603FT14K0CT-ND,Cut Tape,0.1,0.1,0.5,409662,1,https://octopart.com/opatz8j6/a1?t=vXXdHuiaqqDRIbGJ-r0Gl0zHALhLWeVkmnSjUg_btpxmJCyu_1P2dfY_SxF8HzbIeN0FKPRfzvX-AHA1ewfA9T2TTG4NfdZJFlVJOr-gB1BLqcsWnBgvaUmy8mr4EtqrLrQbiB9X6dGDQOsoPyy1anX9bebMCLhpArA-miX1sG2R7XjMrwdr-okCm5U0Fisc4UfDH1SJjSnaMxpKcJaL--Azey5rtALDIgkXttb4XAd1KkPzCmBtRcHMMdua5sKUnZCt,
RMCF0603FT28K0,1,Stackpole Electronics,RMCF0603FT28K0,https://octopart.com/rmcf0603ft28k0-stackpole+electronics-19213111,Res Thick Film 0603 28K Ohm 1% 1/10W ±100ppm/°C Molded SMD SMD Paper T/R,Resistor,R54,RMCF0603FT28K0,,17w,Compliant,5,RMCF0603FT28K0CT-ND,,Cut Tape,,0.1,,304886,,1,,https://octopart.com/opatz8j6/a1?t=L40gjUsfFYD5nlrkSDWCPpn0mDdWsC2tNky2CNVTLHyc7X1xZl_Is0fZFTEPcECQx0LJr0e1f7LCUyEqmZmW8BYz3fjfk8XubAqkAi4GJGtR7UMPR4blsOOuA_egZDprzrV-mHHbmNub7dOlY2R6U__mPnKduLraJIUQipso-pC-eXnU5upaOMd2TcsEGJjOxiUWs6Zb02yS2BB7qMm1pRIyYNa2FrLgmTRHgr1-eM9tLUp9W73C9Nzgdnz96lpXiv0_,,Digi-Key,RMCF0603FT28K0CT-ND,Cut Tape,0.1,0.1,0.5,304886,1,https://octopart.com/opatz8j6/a1?t=L40gjUsfFYD5nlrkSDWCPpn0mDdWsC2tNky2CNVTLHyc7X1xZl_Is0fZFTEPcECQx0LJr0e1f7LCUyEqmZmW8BYz3fjfk8XubAqkAi4GJGtR7UMPR4blsOOuA_egZDprzrV-mHHbmNub7dOlY2R6U__mPnKduLraJIUQipso-pC-eXnU5upaOMd2TcsEGJjOxiUWs6Zb02yS2BB7qMm1pRIyYNa2FrLgmTRHgr1-eM9tLUp9W73C9Nzgdnz96lpXiv0_,
RMCF0603FT45K3,1,Stackpole Electronics,RMCF0603FT45K3,https://octopart.com/rmcf0603ft45k3-stackpole+electronics-19211172,Res Thick Film 0603 45.3K Ohm 1% 1/10W ±100ppm/°C Molded SMD SMD Paper T/R,Resistor,R62,RMCF0603FT45K3,,17w,Compliant,5,RMCF0603FT45K3CT-ND,,Cut Tape,,0.1,,415970,,1,,https://octopart.com/opatz8j6/a1?t=xrhJdwR-WDCNo0K9s5lsLy5okBIYJl4WjvT-VqVPS0x97ZM12OhrG78TEXw9INyumLKgG_uRi7bVw0IGakSXqnJ6LSxkPScBEFKfkLzPTmqZT2DPg3PTpoL6hjBIY2NeyWJyRJ3e3dyzP9J1tPydeAGaGuHMOT30oZlwgq8QCDp6jz8Z4_dCbm1jTR8OKaHo0GdIlyGo_8wQBkrpkV_whxs3cNflwzC9gCZqOUv45vQ4YFPYLKS-D43hTGRE4uu9KcKy,,Digi-Key,RMCF0603FT45K3CT-ND,Cut Tape,0.1,0.1,0.5,415970,1,https://octopart.com/opatz8j6/a1?t=xrhJdwR-WDCNo0K9s5lsLy5okBIYJl4WjvT-VqVPS0x97ZM12OhrG78TEXw9INyumLKgG_uRi7bVw0IGakSXqnJ6LSxkPScBEFKfkLzPTmqZT2DPg3PTpoL6hjBIY2NeyWJyRJ3e3dyzP9J1tPydeAGaGuHMOT30oZlwgq8QCDp6jz8Z4_dCbm1jTR8OKaHo0GdIlyGo_8wQBkrpkV_whxs3cNflwzC9gCZqOUv45vQ4YFPYLKS-D43hTGRE4uu9KcKy,
RMCF0603FT113K,1,Stackpole Electronics,RMCF0603FT113K,https://octopart.com/rmcf0603ft113k-stackpole+electronics-19212938,Res Thick Film 0603 113K Ohm 1% 1/10W ±100ppm/°C Molded SMD SMD Paper T/R,Resistor,R53,RMCF0603FT113K,,17w,Compliant,5,RMCF0603FT113KCT-ND,,Cut Tape,,0.1,,213206,,1,,https://octopart.com/opatz8j6/a1?t=K-PNzSzNPWadaOeDCGSEc5AleifBOp7dLLd2htGBE8izLSlR1sQ4LHoIvhnTNAwKbG1-c1YZIFlG8MVRJH3qSqhx7A3uPzSnlYy_Pj1OXYfimG-1rWdCf5VEn-3yP_6-M8NywP2fX54BCY1g7S8AoCsp9UY_vpOnoCnlWcmq7fChVFVXMFJvaR-nX5S7l168xoyMcyoMQj3wT0lbdEIh6222n7cnp-3LTIG8ttOrYIaIbVVf65H9Pxtx7np7n0PHFNKQ,,Digi-Key,RMCF0603FT113KCT-ND,Cut Tape,0.1,0.1,0.5,213206,1,https://octopart.com/opatz8j6/a1?t=K-PNzSzNPWadaOeDCGSEc5AleifBOp7dLLd2htGBE8izLSlR1sQ4LHoIvhnTNAwKbG1-c1YZIFlG8MVRJH3qSqhx7A3uPzSnlYy_Pj1OXYfimG-1rWdCf5VEn-3yP_6-M8NywP2fX54BCY1g7S8AoCsp9UY_vpOnoCnlWcmq7fChVFVXMFJvaR-nX5S7l168xoyMcyoMQj3wT0lbdEIh6222n7cnp-3LTIG8ttOrYIaIbVVf65H9Pxtx7np7n0PHFNKQ,
RMCF0603FT649K,2,Stackpole Electronics,RMCF0603FT649K,https://octopart.com/rmcf0603ft649k-stackpole+electronics-19211210,Res Thick Film 0603 649K Ohm 1% 1/10W ±100ppm/°C Molded SMD SMD Paper T/R,Resistor,"R37,R39",RMCF0603FT649K,,17w,Compliant,10,738-RMCF0603FT649KCT-ND,,Cut Tape,,0.015,,120,,1,,https://octopart.com/opatz8j6/a1?t=UgNu0CkIum0gjAmsgL2Vg8syWEzKO1dKt0g59pn-6BosMreN58PhKYTgLo31PJbU98MgyXSS5XJ8lzfXPLL5nQ6AFkKmBic7huxmpv5pc4dQTzj8CBCVGePoodS0QXLkXW3B2UemDdRYZsij8Hnvkq08yHSaTNVmI1O2nMxXm5-ssPvjSeg_gAhhB28XWUsfXG3uyjDw5JyRtAUdnGLlmKVpO4xb191xq078NyMB5rnjFx72-h6Nm4tCqqZytv6x7DKTKw,,Digi-Key,738-RMCF0603FT649KCT-ND,Cut Tape,0.015,0.03,0.15,120,1,https://octopart.com/opatz8j6/a1?t=UgNu0CkIum0gjAmsgL2Vg8syWEzKO1dKt0g59pn-6BosMreN58PhKYTgLo31PJbU98MgyXSS5XJ8lzfXPLL5nQ6AFkKmBic7huxmpv5pc4dQTzj8CBCVGePoodS0QXLkXW3B2UemDdRYZsij8Hnvkq08yHSaTNVmI1O2nMxXm5-ssPvjSeg_gAhhB28XWUsfXG3uyjDw5JyRtAUdnGLlmKVpO4xb191xq078NyMB5rnjFx72-h6Nm4tCqqZytv6x7DKTKw,
RMCF0603FT768K,1,Stackpole Electronics,RMCF0603FT768K,https://octopart.com/rmcf0603ft768k-stackpole+electronics-19211228,Res Thick Film 0603 768K Ohm 1% 1/10W ±100ppm/°C Molded SMD SMD Paper T/R,Resistor,R52,RMCF0603FT768K,,17w,Compliant,5,738-RMCF0603FT768KCT-ND,,Cut Tape,,0.1,,2514,,1,,https://octopart.com/opatz8j6/a1?t=eMMjBaeyG1WQ0-7ykQeDYInXKK1rQfzYbgAa9PxmiH4r093dLXEzRWPYiDetv5UJ9GI10RkFhiNWEQDJrZVHkBy6JxEAULKbzYKWMLnRtJHXKKzn6dzRvst30ZSUNMK2t74ETux-d_s9d-E7Gl57fT6OBF7b7-_JbFsRCY2xhJqVD3cHzRkN6AHKFpuSoPPkdsgro81T3aige6TuVNztButqLDaOuonEW_UjQDl7Vtt8xyvMCJ4AbtwpEASRaW8an-bwiQ,,Digi-Key,738-RMCF0603FT768KCT-ND,Cut Tape,0.1,0.1,0.5,2514,1,https://octopart.com/opatz8j6/a1?t=eMMjBaeyG1WQ0-7ykQeDYInXKK1rQfzYbgAa9PxmiH4r093dLXEzRWPYiDetv5UJ9GI10RkFhiNWEQDJrZVHkBy6JxEAULKbzYKWMLnRtJHXKKzn6dzRvst30ZSUNMK2t74ETux-d_s9d-E7Gl57fT6OBF7b7-_JbFsRCY2xhJqVD3cHzRkN6AHKFpuSoPPkdsgro81T3aige6TuVNztButqLDaOuonEW_UjQDl7Vtt8xyvMCJ4AbtwpEASRaW8an-bwiQ,
RMCF0603JG100K,5,Stackpole Electronics,RMCF0603JG100K,https://octopart.com/rmcf0603jg100k-stackpole+electronics-19213424,Res Thick Film 0603 100K Ohm 5% 1/10W ±100ppm/°C Molded SMD SMD Paper T/R,Resistor,"R17,R49,R59,R60,R61",RMCF0603JG100K,,17w,Compliant,25,RMCF0603JG100KCT-ND,,Cut Tape,,0.013,,511306,,1,,https://octopart.com/opatz8j6/a1?t=C3eE5tvPPf0_JuvRZoh6O7no5Tz804p_xxNWy1UmKIIFsE1CqTkhEvWo4ZgjCkPlFtToHp3NPtfPaFQZQbwtRjN8ku1OXitPCExUqpG7hYn90XPn6UHCE5yf0YCdf_uspl0GhO7y1-f2o4NikxpyyPi04ioyv9OYJ8_qhl5mH2K4McT4lGJ52UUCb-53QSd9ZYJ67sC0sCxbvmM6_fk9xCn6wJi0l2HpssO4ndA5pcDD-ODk2S3_gcIkt9yrpc8Jmoc,,Digi-Key,RMCF0603JG100KCT-ND,Cut Tape,0.013,0.065,0.325,511306,1,https://octopart.com/opatz8j6/a1?t=C3eE5tvPPf0_JuvRZoh6O7no5Tz804p_xxNWy1UmKIIFsE1CqTkhEvWo4ZgjCkPlFtToHp3NPtfPaFQZQbwtRjN8ku1OXitPCExUqpG7hYn90XPn6UHCE5yf0YCdf_uspl0GhO7y1-f2o4NikxpyyPi04ioyv9OYJ8_qhl5mH2K4McT4lGJ52UUCb-53QSd9ZYJ67sC0sCxbvmM6_fk9xCn6wJi0l2HpssO4ndA5pcDD-ODk2S3_gcIkt9yrpc8Jmoc,
RMCF0603JT2K20,8,Stackpole Electronics,RMCF0603JT2K20,https://octopart.com/rmcf0603jt2k20-stackpole+electronics-19213544,Res Thick Film 0603 2.2K Ohm 5% 1/10W ±200ppm/°C Molded SMD Paper T/R,Resistor,"R10,R11,R14,R15,R20,R21,R34,R35",RMCF0603JT2K20,,17w,Compliant,40,RMCF0603JT2K20CT-ND,,Cut Tape,,0.013,,710108,,1,,https://octopart.com/opatz8j6/a1?t=BBAsyjddSZ-Z8Meac4REZ4qWKdJ6oCAkUWY4PDwR91n3-ncio_il_1mRJuScCtWpdQV1rLKGX7ikNduSXlgVscwPJ8YFJl49R6U3dyizcLwJLU7ldHZgLa0zBhc4jqawEKlnRQXQ24pIkuB2q7deFagQmOWiWxp0y4S-D6DRllVhFhPK1wscZcmaFftuBr-1f3LaiChMRhTgqnik_SrRK88u7DbFfiL2LMVFf50u2W6D5c0yiuF0aPmsCNxs6W1slFg,,Digi-Key,RMCF0603JT2K20CT-ND,Cut Tape,0.013,0.104,0.52,710108,1,https://octopart.com/opatz8j6/a1?t=BBAsyjddSZ-Z8Meac4REZ4qWKdJ6oCAkUWY4PDwR91n3-ncio_il_1mRJuScCtWpdQV1rLKGX7ikNduSXlgVscwPJ8YFJl49R6U3dyizcLwJLU7ldHZgLa0zBhc4jqawEKlnRQXQ24pIkuB2q7deFagQmOWiWxp0y4S-D6DRllVhFhPK1wscZcmaFftuBr-1f3LaiChMRhTgqnik_SrRK88u7DbFfiL2LMVFf50u2W6D5c0yiuF0aPmsCNxs6W1slFg,
RMCF0603JT5K10,2,Stackpole Electronics,RMCF0603JT5K10,https://octopart.com/rmcf0603jt5k10-stackpole+electronics-19213586,Res Thick Film 0603 5.1K Ohm 5% 1/10W ±200ppm/°C Molded SMD Paper T/R,Resistor,"R63,R64",RMCF0603JT5K10,,17w,Compliant,10,RMCF0603JT5K10CT-ND,,Cut Tape,,0.013,,629151,,1,,https://octopart.com/opatz8j6/a1?t=6GY9wfgAMidYA3-qRZt2M-l6zS_4tVq8bcz5SgrZ6uVcAATNRqFU4AAYzuqNxk3Ll_VV80kOdHwfERZt7zNVA8E8NpBNhWonIf54j0ChPMwPa3VoLg_Hnc5YfRi2hB_3WbaQ-T82FybFuex-MBhBNyRw4iU0c3pJYOdfTZwZ1AxA0inaZ96m4458FLjk515b6A9wEeWMyHuPfnLkIA-sxjrZjvFtX3G2vacSd-asO3H8SZzqb2k5CAdBMula9wb5F21k,,Digi-Key,RMCF0603JT5K10CT-ND,Cut Tape,0.013,0.026,0.13,629151,1,https://octopart.com/opatz8j6/a1?t=6GY9wfgAMidYA3-qRZt2M-l6zS_4tVq8bcz5SgrZ6uVcAATNRqFU4AAYzuqNxk3Ll_VV80kOdHwfERZt7zNVA8E8NpBNhWonIf54j0ChPMwPa3VoLg_Hnc5YfRi2hB_3WbaQ-T82FybFuex-MBhBNyRw4iU0c3pJYOdfTZwZ1AxA0inaZ96m4458FLjk515b6A9wEeWMyHuPfnLkIA-sxjrZjvFtX3G2vacSd-asO3H8SZzqb2k5CAdBMula9wb5F21k,
RMCF0603JT10K0,3,Stackpole Electronics,RMCF0603JT10K0,https://octopart.com/rmcf0603jt10k0-stackpole+electronics-19213489,Res Thick Film 0603 10K Ohm 5% 1/10W ±100ppm/°C Molded SMD SMD Paper T/R,Resistor,"R28,R31,R66",RMCF0603JT10K0,,17w,Compliant,15,RMCF0603JT10K0CT-ND,,Cut Tape,,0.013,,20430315,,1,,https://octopart.com/opatz8j6/a1?t=7pne9kz8ciaxPXm_sS_gUA6dlfVh5-knxu4aUJwJnDMhPOnnCD5OPTWOaFEyL73zinCaZ4j-ASsXMSBzehxZqHSaPOc72sIsATpNKrEy4K6AaAZNlpHrhJv3xo-kkYZlzLeLLKgMpk3BUeba3wkhKqvCo9UVjzaziRXZSGICjLPZgJoA8duDKhYi9bP423xA_A3SdsWmY0lhfW9mq_bka3B7EZ7oIHUFBNmR8ftSfpI_DGsn0IAaYusnN72Bf6uLwfw6,,Digi-Key,RMCF0603JT10K0CT-ND,Cut Tape,0.013,0.039,0.19499999999999998,20430315,1,https://octopart.com/opatz8j6/a1?t=7pne9kz8ciaxPXm_sS_gUA6dlfVh5-knxu4aUJwJnDMhPOnnCD5OPTWOaFEyL73zinCaZ4j-ASsXMSBzehxZqHSaPOc72sIsATpNKrEy4K6AaAZNlpHrhJv3xo-kkYZlzLeLLKgMpk3BUeba3wkhKqvCo9UVjzaziRXZSGICjLPZgJoA8duDKhYi9bP423xA_A3SdsWmY0lhfW9mq_bka3B7EZ7oIHUFBNmR8ftSfpI_DGsn0IAaYusnN72Bf6uLwfw6,
RMCF0603JT47K0,1,Stackpole Electronics,RMCF0603JT47K0,https://octopart.com/rmcf0603jt47k0-stackpole+electronics-19213574,Res Thick Film 0603 47K Ohm 5% 1/10W ±100ppm/°C Molded SMD SMD Paper T/R,Resistor,R18,RMCF0603JT47K0,,17w,Compliant,5,RMCF0603JT47K0CT-ND,,Cut Tape,,0.1,,982543,,1,,https://octopart.com/opatz8j6/a1?t=RBse9XfbAyodnkH2EBg3phWyK_Mip-bZWsmHs486BlKF409Z_NZwyOsNfYmkXTqG2XgQNQGaU3Ct1ceXxu4d7nLTMHV-Ifo7gIPTi3m__NFUk9O2lbXwoq1I334nj1tEfi82B7kwTEp56ub8Ok4e_dTnAUFxacP93kfMpsy-fOZlCHt0bYCyJhJCzWK4_wfvBoQygGjOX4xgMapS1m90Qo9tu2np8qv6-p2DCodBGX3Q4epkhjm6GmaZ8178BBl-E8TG,,Digi-Key,RMCF0603JT47K0CT-ND,Cut Tape,0.1,0.1,0.5,982543,1,https://octopart.com/opatz8j6/a1?t=RBse9XfbAyodnkH2EBg3phWyK_Mip-bZWsmHs486BlKF409Z_NZwyOsNfYmkXTqG2XgQNQGaU3Ct1ceXxu4d7nLTMHV-Ifo7gIPTi3m__NFUk9O2lbXwoq1I334nj1tEfi82B7kwTEp56ub8Ok4e_dTnAUFxacP93kfMpsy-fOZlCHt0bYCyJhJCzWK4_wfvBoQygGjOX4xgMapS1m90Qo9tu2np8qv6-p2DCodBGX3Q4epkhjm6GmaZ8178BBl-E8TG,
RMCF0603JT100R,5,Stackpole Electronics,RMCF0603JT100R,https://octopart.com/rmcf0603jt100r-stackpole+electronics-19213488,Res Thick Film 0603 100 Ohm 5% 1/10W ±100ppm/°C Molded SMD SMD Paper T/R,Resistor,"R22,R23,R24,R25,R58",RMCF0603JT100R,,17w,Compliant,25,RMCF0603JT100RCT-ND,,Cut Tape,,0.013,,1997842,,1,,https://octopart.com/opatz8j6/a1?t=k6MevPHPDaKtkNV6uGKVTVRbMgqbHvOOPMeJyd9Y4M7fN2eTK4pvKvNBEdn2-mfKPr1dSXWqGAP__avm0TO8xjhxW1VtCriGbzIdtnnttyivbbiqVrsU34dGot42LsA4rgkOTQa6JxUQ8mBPm9o_r4RefTGmkJBg4tFaOVfiK7vnGMU4fHuUyCsiIO4NdqhZmZxXfReGQJYuKUj0Owka_S5OC946efvmfsMAOIYKC4IYO8MCyMbfbib-KTC5P7bZf42w,,Digi-Key,RMCF0603JT100RCT-ND,Cut Tape,0.013,0.065,0.325,1997842,1,https://octopart.com/opatz8j6/a1?t=k6MevPHPDaKtkNV6uGKVTVRbMgqbHvOOPMeJyd9Y4M7fN2eTK4pvKvNBEdn2-mfKPr1dSXWqGAP__avm0TO8xjhxW1VtCriGbzIdtnnttyivbbiqVrsU34dGot42LsA4rgkOTQa6JxUQ8mBPm9o_r4RefTGmkJBg4tFaOVfiK7vnGMU4fHuUyCsiIO4NdqhZmZxXfReGQJYuKUj0Owka_S5OC946efvmfsMAOIYKC4IYO8MCyMbfbib-KTC5P7bZf42w,
RMCF0603JT120K,2,Stackpole Electronics,RMCF0603JT120K,https://octopart.com/rmcf0603jt120k-stackpole+electronics-19211023,Res Thick Film 0603 120K Ohm 5% 1/10W ±100ppm/°C Molded SMD SMD Paper T/R,Resistor,"R38,R40",RMCF0603JT120K,,17w,Compliant,10,RMCF0603JT120KCT-ND,,Cut Tape,,0.013,,59883,,1,,https://octopart.com/opatz8j6/a1?t=Kd6KK5JHTBwk62skZ17ZokpUi1sQyNY-pyvSGCmXmQHo4Q4uduPYJWg1A37Iq1IHxcwaZUcphbfQVIJ86hOgwFFi5-xllG8_qp2NwjrOXu9cnDTYnvlH6Kaa8kkPGC9U5xSooFSIYF5lk1CjLHrOrLF-VZHD_ytcT90UaYVj0b6IwZlW1Mfzcqjcv4C5R0dQY30XwxCPDN4ZRARSBpqryZPhfHxZTxPWHExj8kZJ3bgDJ6ajU1QGtmK9rgbpwDVOhQsy,,Digi-Key,RMCF0603JT120KCT-ND,Cut Tape,0.013,0.026,0.13,59883,1,https://octopart.com/opatz8j6/a1?t=Kd6KK5JHTBwk62skZ17ZokpUi1sQyNY-pyvSGCmXmQHo4Q4uduPYJWg1A37Iq1IHxcwaZUcphbfQVIJ86hOgwFFi5-xllG8_qp2NwjrOXu9cnDTYnvlH6Kaa8kkPGC9U5xSooFSIYF5lk1CjLHrOrLF-VZHD_ytcT90UaYVj0b6IwZlW1Mfzcqjcv4C5R0dQY30XwxCPDN4ZRARSBpqryZPhfHxZTxPWHExj8kZJ3bgDJ6ajU1QGtmK9rgbpwDVOhQsy,
RMCF0603JT200K,2,Stackpole Electronics,RMCF0603JT200K,https://octopart.com/rmcf0603jt200k-stackpole+electronics-19213527,Res Thick Film 0603 200K Ohm 5% 1/10W ±100ppm/°C Molded SMD SMD Paper T/R,Resistor,"R19,R36",RMCF0603JT200K,,17w,Compliant,10,RMCF0603JT200KCT-ND,,Cut Tape,,0.013,,139182,,1,,https://octopart.com/opatz8j6/a1?t=0GCU2qu_zOVvSgV7Ndx8FEepKOoh29y7vDizXF7moDrI5eLO6iQksRXcxdzumuFRgEsI8PeEs6ZhZnHysSIIS5jSgpAjY6f2eVfx1II06GJzgxUfs9pmGqxmU_inpKNfs76U6R1idxzmxN2mRYxijhd593_NLk9qdOa4K_i9vQUCGxQp1aAW4lm3ZLn_VJcBKdqQ8AF-2mYwt5q4dTV4KuM3GiwP7-yCObdJW87p5Npjo3sRlgXg3v7JpjScELHpxwe7,,Digi-Key,RMCF0603JT200KCT-ND,Cut Tape,0.013,0.026,0.13,139182,1,https://octopart.com/opatz8j6/a1?t=0GCU2qu_zOVvSgV7Ndx8FEepKOoh29y7vDizXF7moDrI5eLO6iQksRXcxdzumuFRgEsI8PeEs6ZhZnHysSIIS5jSgpAjY6f2eVfx1II06GJzgxUfs9pmGqxmU_inpKNfs76U6R1idxzmxN2mRYxijhd593_NLk9qdOa4K_i9vQUCGxQp1aAW4lm3ZLn_VJcBKdqQ8AF-2mYwt5q4dTV4KuM3GiwP7-yCObdJW87p5Npjo3sRlgXg3v7JpjScELHpxwe7,
RMCF0603JT360R,1,Stackpole Electronics,RMCF0603JT360R,https://octopart.com/rmcf0603jt360r-stackpole+electronics-19213558,Res Thick Film 0603 360 Ohm 5% 1/10W ±100ppm/°C Molded SMD SMD Paper T/R,Resistor,R57,RMCF0603JT360R,,17w,Compliant,5,RMCF0603JT360RCT-ND,,Cut Tape,,0.1,,53989,,1,,https://octopart.com/opatz8j6/a1?t=TJ9oChjQJHX9jVmviYRW_FDm3UPrKVsOY9xUGDTvaCs8vPx30lqMArDZTGc2uV3wILB6x19XbmLrPKiJ1wUGCs-xw0UFW_Lif_ivpB672oez22XME5fNybX3al-tK8hByZTFhtabOfClhlXjVMBrhKO81b5K7OnEOuM9rxQwXOpNo6NxIOZGQM7TWKL6ivYjNOSJ36SnrAY779hR2_MEHIkOwBHkfi_f7ccZxvTCleUo7pUEDT0gLOg-Em10m2kY9LPn,,Digi-Key,RMCF0603JT360RCT-ND,Cut Tape,0.1,0.1,0.5,53989,1,https://octopart.com/opatz8j6/a1?t=TJ9oChjQJHX9jVmviYRW_FDm3UPrKVsOY9xUGDTvaCs8vPx30lqMArDZTGc2uV3wILB6x19XbmLrPKiJ1wUGCs-xw0UFW_Lif_ivpB672oez22XME5fNybX3al-tK8hByZTFhtabOfClhlXjVMBrhKO81b5K7OnEOuM9rxQwXOpNo6NxIOZGQM7TWKL6ivYjNOSJ36SnrAY779hR2_MEHIkOwBHkfi_f7ccZxvTCleUo7pUEDT0gLOg-Em10m2kY9LPn,
RMCF0603JT510K,1,Stackpole Electronics,RMCF0603JT510K,https://octopart.com/rmcf0603jt510k-stackpole+electronics-19213580,Res Thick Film 0603 510K Ohm 5% 1/10W ±100ppm/°C Molded SMD SMD Paper T/R,Resistor,R16,RMCF0603JT510K,,17w,Compliant,5,RMCF0603JT510KCT-ND,,Cut Tape,,0.1,,30061,,1,,https://octopart.com/opatz8j6/a1?t=m6zFOrV7vx25OByhIxEB8pGBf4tdCn7_MdWYqvj__12YhTFr9n1T5XgI3v-p5zni_YhadNDL2bqw5VDDamGRwNxyZLqQCwltYYQf5Y7aYMgeb1T7BCNjQJnvxXmGKGdg_Hxs9_oC7vpUvYxSVDe_oDMxC0pqZ2G7l_-OrfrwiOs560tk27zPAajmMMCndvi9W0IqPlGXKfZSNBnvx0BQPpxo8oJEvFmHa8PsbTCHUvHk3JmTguqQZr9Lv89mKZMPEwm8,,Digi-Key,RMCF0603JT510KCT-ND,Cut Tape,0.1,0.1,0.5,30061,1,https://octopart.com/opatz8j6/a1?t=m6zFOrV7vx25OByhIxEB8pGBf4tdCn7_MdWYqvj__12YhTFr9n1T5XgI3v-p5zni_YhadNDL2bqw5VDDamGRwNxyZLqQCwltYYQf5Y7aYMgeb1T7BCNjQJnvxXmGKGdg_Hxs9_oC7vpUvYxSVDe_oDMxC0pqZ2G7l_-OrfrwiOs560tk27zPAajmMMCndvi9W0IqPlGXKfZSNBnvx0BQPpxo8oJEvFmHa8PsbTCHUvHk3JmTguqQZr9Lv89mKZMPEwm8,
QPC02SXGN-RC,10,Sullins,QPC02SXGN-RC,https://octopart.com/qpc02sxgn-rc-sullins-19878795,2 Position 2.54 mm Centerline Single Circuit Open Top Jumper,Mechanical Jumper,"JP13,JP14,JP15,JP16,JP17,JP18,JP19,JP20,JP21,JP22",QPC02SXGN-RC,,11w,Compliant,50,S9337-ND,,Bag,,0.0378,,870585,,1,,https://octopart.com/opatz8j6/a1?t=y7GIE7tlCZ80e83MLPsbYg-4Hi3cEickDIQctpMq1o2URqToWiMl5l2f-NvM0Q53oCLbQ8qHcdP2IyQISdwYT0Baq-gYf2vnRKGInivbmgs7VYXRdjYkRx5ESwAyq2K2UBP-uehm6WcjtlIhEkpPh3h4JIUoVUnb__1QJHqh9WYTSJEeKihwnw21rudnueAfZnAmFlUYLjqKJ1UdyZZr5l-mHpOt524gDf8G_jPLQhfpfzhCxH9LGVP4u55_1nOgUzk,,Digi-Key,S9337-ND,Bag,0.0378,0.378,1.8900000000000001,870585,1,https://octopart.com/opatz8j6/a1?t=y7GIE7tlCZ80e83MLPsbYg-4Hi3cEickDIQctpMq1o2URqToWiMl5l2f-NvM0Q53oCLbQ8qHcdP2IyQISdwYT0Baq-gYf2vnRKGInivbmgs7VYXRdjYkRx5ESwAyq2K2UBP-uehm6WcjtlIhEkpPh3h4JIUoVUnb__1QJHqh9WYTSJEeKihwnw21rudnueAfZnAmFlUYLjqKJ1UdyZZr5l-mHpOt524gDf8G_jPLQhfpfzhCxH9LGVP4u55_1nOgUzk,
NRS6028T1R5NMGJ,2,Taiyo Yuden,NRS6028T1R5NMGJ,https://octopart.com/nrs6028t1r5nmgj-taiyo+yuden-20124396,Inductor Power Shielded Wirewound 1.5uH 30% 100KHz Ferrite 4.2A 0.0208Ohm DCR 2424 T/R,Inductor,"L1,L3",NRS6028T1R5NMGJ,,19w,Compliant,10,587-2937-1-ND,963-NRS6028T1R5NMGJ,Cut Tape,Tape & Reel,0.319,0.249,18729,3925,1,1,https://octopart.com/opatz8j6/a1?t=kkyPMj21D7tn7xlh8kfcgQwkP8fsefjIXxjkQsb2oqt9Ak0tbmVgTMmQ0kNOvIffQ9zBEl32uQRJUjidycODY26ctRwPQPZl8fql8OJNNNA2CzCu--mS1IyR3lAC9sQafnXiwCo7hlICgctNUDyf-BJ3g_EqSeA9aXIak2eiFlIW3CRpAz30PUvbJFAafhyfJYGJ6KcqDoIV4_f1Pq-loWC54S_dZG2mHXLQgozArpWxn9fZKnq5Gky_we_6iF1tjMA,https://octopart.com/opatz8j6/a1?t=K-LyQTVQIgs4Haih4J0g6sLLI0siTpG7RZwDH05i5bARn5mfg7f_FOtMO8ebqVIrcc4cFQ3iNmgeeeuhmi9EH-pp7xbl6Poj82WZnsA7h7FA3PiIROP78nHiLNp3XROfmpOp9jYhdg7HuawgEruL5ZWoTQRAQDIGGvWR_6Ycl4VaddhWp6lLN0thQgEYONxKLNBHdwCM9em3FvhV4Or_bfLz_MBB2zTqjfEDEctdk5xNchHLOtpefIUixKCFYPRfLTwI,Mouser,963-NRS6028T1R5NMGJ,Tape & Reel,0.249,0.498,2.49,3925,1,https://octopart.com/opatz8j6/a1?t=K-LyQTVQIgs4Haih4J0g6sLLI0siTpG7RZwDH05i5bARn5mfg7f_FOtMO8ebqVIrcc4cFQ3iNmgeeeuhmi9EH-pp7xbl6Poj82WZnsA7h7FA3PiIROP78nHiLNp3XROfmpOp9jYhdg7HuawgEruL5ZWoTQRAQDIGGvWR_6Ycl4VaddhWp6lLN0thQgEYONxKLNBHdwCM9em3FvhV4Or_bfLz_MBB2zTqjfEDEctdk5xNchHLOtpefIUixKCFYPRfLTwI,
TPD1E05U06DPYR,10,Texas Instruments,TPD1E05U06DPYR,https://octopart.com/tpd1e05u06dpyr-texas+instruments-25744340,"0.4-pF, 5.5-V, ±12-kV ESD protection diode in 0402 package for High Speed Interfaces",,"U7,U10,U15,U19,U20,U21,U22,U23,U26,U27",TPD1E05U06DPYR,Production (Last Updated: 4 days ago),8w,Compliant,50,296-39341-1-ND,595-TPD1E05U06DPYR,Cut Tape,Tape & Reel,0.362,0.362,266883,75282,1,1,https://octopart.com/opatz8j6/a1?t=kNvlaIHnUFgK1uW8-kkf2B_q0-2dGF8nyCUg6mv2n_mYoqmC6Y3IkFkjoeNSkeqyUIVjkzBZpwJs5MQOO3kkq1G9wnSrANfYdtL82Mp-lA-7qMmw9XQNMb6c3TJoVMMCuxu6tbw0GsgLlwpxhjLJH4QKn4NwbNbluJFjaBYKzGkKg_WEMMROG0mOwdIi1-sSIuTGj44cILjx_Yt4rrky7EpDb0sO6d5rtuuwcGsRWrX6eCVUbjJhB3xY4PbWG_eqSHKF,https://octopart.com/opatz8j6/a1?t=k7E09NH4JVt6csONli6nPndR0SH4BpyMtrmBvqXSv9ULCVPJK1jSaoV_ekfkMisOFYd3VSEZIQBFqNlux6vDTt8xw4uSXQWLFOSpDjpR958RxxEIrdnP3NQCr6icr2OmunayRw0cjDui3jbt4Ul5ESXaIIGHFTP45yQFlOWMJ3wshKmjYHi1RLmmkC5ToPBL5MyO4jqXliLJS9YiOcxVhOxE8x-VQD-kFFOPJ4__pRcMO1u0VQjAj4b_Y9CI8rl16k1d4A,Digi-Key,296-39341-1-ND,Cut Tape,0.362,3.62,18.099999999999998,266883,1,https://octopart.com/opatz8j6/a1?t=kNvlaIHnUFgK1uW8-kkf2B_q0-2dGF8nyCUg6mv2n_mYoqmC6Y3IkFkjoeNSkeqyUIVjkzBZpwJs5MQOO3kkq1G9wnSrANfYdtL82Mp-lA-7qMmw9XQNMb6c3TJoVMMCuxu6tbw0GsgLlwpxhjLJH4QKn4NwbNbluJFjaBYKzGkKg_WEMMROG0mOwdIi1-sSIuTGj44cILjx_Yt4rrky7EpDb0sO6d5rtuuwcGsRWrX6eCVUbjJhB3xY4PbWG_eqSHKF,
TPS61253AYFFR,1,Texas Instruments,TPS61253AYFFR,https://octopart.com/tps61253ayffr-texas+instruments-81717276,"Switching Regulator, Current-mode, 4.6A, 3800kHz Switching Freq-Max, PBGA9","TPS6125xA 3.8-MHz, 5-V / 4-A Boost in 1.2-mm x 1.3-mm WCSP",U17,TPS61253AYFFR,Production (Last Updated: 4 days ago),26w,Compliant,5,,595-TPS61253AYFFR,,Tape & Reel,,1.37,,0,,1,,https://octopart.com/opatz8j6/a1?t=0ZP25If46-N3tmlNiei6MAyA83YzKClclMTlmcfeKM7F6NM6cnF3Mjh0cy4lIB4AxFwRiCkSznZMc36O-zfevZPyJ5ahDTepJ6Zmzkr4WuNfFhbYboFW89QDa5KN9ufexTMXYchQLIIIha_yOyzSIaPg88ZfSd3BHkXRo5_Na7w0Pd_PcPHGFLXyMWwIlbF8vR4UsavMViYWWL4t58Vm1_Pttksrk4qtK3dOihoWkPSbfLI8eLVmoCyKlWVJj5AzteDIsA,Mouser,595-TPS61253AYFFR,Tape & Reel,1.37,1.37,6.8500000000000005,0,1,https://octopart.com/opatz8j6/a1?t=0ZP25If46-N3tmlNiei6MAyA83YzKClclMTlmcfeKM7F6NM6cnF3Mjh0cy4lIB4AxFwRiCkSznZMc36O-zfevZPyJ5ahDTepJ6Zmzkr4WuNfFhbYboFW89QDa5KN9ufexTMXYchQLIIIha_yOyzSIaPg88ZfSd3BHkXRo5_Na7w0Pd_PcPHGFLXyMWwIlbF8vR4UsavMViYWWL4t58Vm1_Pttksrk4qtK3dOihoWkPSbfLI8eLVmoCyKlWVJj5AzteDIsA,
TVS0500DRVR,2,Texas Instruments,TVS0500DRVR,https://octopart.com/tvs0500drvr-texas+instruments-88217343,Diode TVS Single Uni-Dir 5V 400W 6-Pin WSON EP T/R,"Flat-Clamp Surge Protection Device. 5Vrwm, WSON-6","U24,U25",TVS0500DRVR,Production (Last Updated: 4 days ago),26w,Non-Compliant,10,296-48382-1-ND,595-TVS0500DRVR,Cut Tape,Tape & Reel,0.561,0.561,9302,8720,1,1,https://octopart.com/opatz8j6/a1?t=OzC7WfkM9a7BInmGFTxsAJuK8cQF9AxJezqcJsRfM5kfiFVTQMOvCzwQCYEPJK_LfTRJ7q3Q98BbixpdCjYB2GhRczL3iSerjD4U8UL7h1bakxlrtXnyeLVz-EFH9GrRyyepLzSqhcxFXRBraU7rSVV0d4EMboXwb5T3CcLPGD1Y94aX0hscw1sbrvN24m6bNu6Q9ROi8u_yZeycAWsXZdTuWmw4L4sRFTKpePeVZrlFNQdluXHJz2h9-eVkyjRcsSh5,https://octopart.com/opatz8j6/a1?t=-lV3VXAcXPkvrZMIAYZ21ulugMHkT7XkzmB2_C4V7eEtxhWI_NknmoWAoMTRjh4MIL7nIJu7rE3eF-_NLQpiQsGypP3rb4AejYlDWY37lcv-I8pdEKA9Nx-1Bj853j-xdO-dWCyWPBaYFDf0KJsTNRUnkaYnI5IRhrlgi_eQUH7VYMDn6OUe4SnoGwFLW7sAozRKhgZ4MKfyFIwn5oFWsXJtB6BJqfcWLEbx-KNlJkH15S1Z4NZ5pAWUd53gXUWR9AyXqA,Digi-Key,296-48382-1-ND,Cut Tape,0.561,1.122,5.61,9302,1,https://octopart.com/opatz8j6/a1?t=OzC7WfkM9a7BInmGFTxsAJuK8cQF9AxJezqcJsRfM5kfiFVTQMOvCzwQCYEPJK_LfTRJ7q3Q98BbixpdCjYB2GhRczL3iSerjD4U8UL7h1bakxlrtXnyeLVz-EFH9GrRyyepLzSqhcxFXRBraU7rSVV0d4EMboXwb5T3CcLPGD1Y94aX0hscw1sbrvN24m6bNu6Q9ROi8u_yZeycAWsXZdTuWmw4L4sRFTKpePeVZrlFNQdluXHJz2h9-eVkyjRcsSh5,
"T2N7002AK,LM",1,Toshiba,"T2N7002AK,LM",https://octopart.com/t2n7002ak%2Clm-toshiba-59707013,Trans MOSFET N-CH Si 60V 0.2A 3-Pin SOT-23 T/R,"N-MOSFET transistor, gate/source/drain",Q1,"T2N7002AK,LM",,52w,Compliant,5,T2N7002AKLMCT-ND,757-T2N7002AKLM,Cut Tape,Tape & Reel,0.15,0.16,65113,954920,1,1,https://octopart.com/opatz8j6/a1?t=ZA13TmqwWbxS52kUQ3whEyE1u5n0AV5XMhwk1H4sURIEPsVi9V8rYNnom_O1EXs7M2lkUr7eQ-zNivPp91C8mmcajQGyN2R7kz66XQylzS-vJxW3Noi0YJmRpW0mrMQF6Ds2GBwaxIDF42vaHdbw8bqUh_bJgRKGlrY0a7SxW4QEZ7cYrCx_1-FlQ-bWJ8nPSi2N1eAan3Cp6F1EBY6gtnCvjnGYmw9V9Pxniqi8-OLWiUx6upvoi1JQJZnFGITPSUqX,https://octopart.com/opatz8j6/a1?t=PEFFKdjV7bJkfPPg2QuhwCDuTu0_7Zc2nIuVwr0tEZe5EcOf46-01PB-8Sih5tcrmeNkZKpKgRnjBwOjfGcEYFh99jPdRy3cQsyjNnJXheioLGuj_pe_dcyhcbXAfkmNElAhJzZ4J28hv63ENYSysgyenJAgLtQnZOhy17nBE4XdCdht70b6XkqCf83OWCZVOwnaLAbTpBoS9ol0SpiktC8Bvfn7wYrDWHTzmEH68JNVQCb59AhliviCI0K77mnHCq3Srw,Digi-Key,T2N7002AKLMCT-ND,Cut Tape,0.15,0.15,0.75,65113,1,https://octopart.com/opatz8j6/a1?t=ZA13TmqwWbxS52kUQ3whEyE1u5n0AV5XMhwk1H4sURIEPsVi9V8rYNnom_O1EXs7M2lkUr7eQ-zNivPp91C8mmcajQGyN2R7kz66XQylzS-vJxW3Noi0YJmRpW0mrMQF6Ds2GBwaxIDF42vaHdbw8bqUh_bJgRKGlrY0a7SxW4QEZ7cYrCx_1-FlQ-bWJ8nPSi2N1eAan3Cp6F1EBY6gtnCvjnGYmw9V9Pxniqi8-OLWiUx6upvoi1JQJZnFGITPSUqX,
IHLP2020BZERR47M01,2,Vishay,IHLP2020CZER1R5M11,https://octopart.com/ihlp2020czer1r5m11-vishay-42629588,Inductor Power Shielded Wirewound 1.5uH 20% 100KHz Powdered Iron 7.5A 18.5mOhm DCR 2020 T/R,Inductor symbol for simulation only,"L2,L4",IHLP2020BZERR47M01,,15w,Compliant,10,541-1235-1-ND,70-IHLP2020CZER1R5M1,Cut Tape,Tape & Reel,1.28,0.984,27441,5653,1,1,https://octopart.com/opatz8j6/a1?t=KmPequRDA3z8iYNBI32bHuW4IEyfxf2Wh-209rZWaPc-g_w3qVOHPJo6Sx6_cEiih8Aw13rnv8sO2BgXzPCtJEbxv50R6VT49JW7LSYQnphj5Cc6PynxZLwc4WK6xKxEMEDXw589uxQpcikPuMS1bsyAqZpCy1eyP63YQnbzE_XivwYjdSpy1XUomOXdM1pA9KJGAJEr7yAQRKYLs_qkoJO0vXqfhjcUdpVxtJWF0Z9u9xVwNZyo9jnMHU-Ka9OxdSMAug,https://octopart.com/opatz8j6/a1?t=tBmvPrMW-f35yL7LI33ZGN3iPiPkfM3Rd6Ex0u3-1aOINjZfrcOTe7YUgz9q1G3qe5rgeotFMi_bT5X_1zAoWKMN0Vox-IDlVOOoPZzjx_P3zRHORNebfFl2QB8UxSTm9-oHw3zoC-W-UJlD3abxKR1rUfD_87gj243LENffTkmrvX5aKX_BK_XFKwQdi8X6YKGtkYxIvoA3xt5xXn7pAIdDSAA2m8cqTg42DUk00M3XIzq_LRUAVQpL3p5i_2cXC7W-iQs,Mouser,70-IHLP2020CZER1R5M1,Tape & Reel,0.984,1.968,9.84,5653,1,https://octopart.com/opatz8j6/a1?t=tBmvPrMW-f35yL7LI33ZGN3iPiPkfM3Rd6Ex0u3-1aOINjZfrcOTe7YUgz9q1G3qe5rgeotFMi_bT5X_1zAoWKMN0Vox-IDlVOOoPZzjx_P3zRHORNebfFl2QB8UxSTm9-oHw3zoC-W-UJlD3abxKR1rUfD_87gj243LENffTkmrvX5aKX_BK_XFKwQdi8X6YKGtkYxIvoA3xt5xXn7pAIdDSAA2m8cqTg42DUk00M3XIzq_LRUAVQpL3p5i_2cXC7W-iQs,
WR04X102 JTL,5,Walsin Technologies,WR04X102 JTL,https://octopart.com/wr04x102+jtl-walsin+technologies-22124388,Res Thick Film 0402 1K Ohm 5% 0.063W(1/16W) ±100ppm/C Pad SMD T/R,Resistor,"R1,R5,R46,R47,R50",WR04X102 JTL,,26w,Compliant,25,1292-WR04X102JTLCT-ND,791-WR04X102JTL,Cut Tape,Tape & Reel,0.01,0.01,149690,68190,1,1,https://octopart.com/opatz8j6/a1?t=rpKAHLSB50JUDjS6gAY63Cp6gvUZ_Uu4si7e1DAelW44cmkLqnp-bFhPUwhzeNLLNfecPohK33YXI2P37dNe9YYoDP9Ee619m8Hg4NDlFeEh1RVb7noCkacF20Z6CU9plHiWtJn_b_q03LwLsnfUL9tq2hlOm3SI5cxhFCCQepXQClyoKtmQmdMjdlDX3CK4ClwJSbKMCpBFix3kzB20ykNMg7NfjDhahWWoYsZS1PiURvtRNWNM_4aXPgimk7ryvtUP,https://octopart.com/opatz8j6/a1?t=0T8mkLIEfrytG9w1CsKA8xyA0BuH7ZERQGHs5zVWAEPiAS1VEEQPg1et4QpgGcmgDWccO5tgSMHOILLVhINPmBIoqfxJFABMgglIE4UfB1LgE_5XuTwLcf3vkYINpiLyKIEQ3Xl4gfqXMUNnGURFJTstXULHq35iZ6JawXZBXOo-nue178CzKdQdY6Nxui31kodhsoClxUTKm6-0MTrgC7IF2rkx_doC5wWAmVLHl7BuiizO4bCAwbKcQZaqEBdryI8iLg,Digi-Key,1292-WR04X102JTLCT-ND,Cut Tape,0.01,0.05,0.25,149690,1,https://octopart.com/opatz8j6/a1?t=rpKAHLSB50JUDjS6gAY63Cp6gvUZ_Uu4si7e1DAelW44cmkLqnp-bFhPUwhzeNLLNfecPohK33YXI2P37dNe9YYoDP9Ee619m8Hg4NDlFeEh1RVb7noCkacF20Z6CU9plHiWtJn_b_q03LwLsnfUL9tq2hlOm3SI5cxhFCCQepXQClyoKtmQmdMjdlDX3CK4ClwJSbKMCpBFix3kzB20ykNMg7NfjDhahWWoYsZS1PiURvtRNWNM_4aXPgimk7ryvtUP,
W25Q128JVSIQ,1,Winbond,W25Q128JVSIQ,https://octopart.com/w25q128jvsiq-winbond-68084429,"NOR Flash Serial (SPI, Dual SPI, Quad SPI) 3.3V 128M-bit 16M x 8 6ns 8-Pin SOIC Tube","128Mb Serial Flash Memory, Standard/Dual/Quad SPI, SOIC-8",U2,W25Q128JVSIQ,,28w,Compliant,5,W25Q128JVSIQ-ND,,Tube,,1.76,,128076,,1,,https://octopart.com/opatz8j6/a1?t=T9PeP00z84g92WsAGL4vvK5qCuuMvC3YN8j9usSi1gvSFBkaHU6PRuNXRI7ONGpnnuGuPjsulK4CMjmJZBE6I6b2TxqBw-sHUdXepPFqMDJxzgpnoF2_zFvN22Kf5GLj9iEkk6RNb2neRTugvwxoBQTWoNzzLzsGcblt7zYxBh569L0v_e3ikkpyrHBY5IA2hDKI4Orxjbn67i9cldJu_6YJuV3XFlFdTi487kh6nOX2ZXKabBosn3AQvgC_DKsMFovi,,Digi-Key,W25Q128JVSIQ-ND,Tube,1.76,1.76,8.8,128076,1,https://octopart.com/opatz8j6/a1?t=T9PeP00z84g92WsAGL4vvK5qCuuMvC3YN8j9usSi1gvSFBkaHU6PRuNXRI7ONGpnnuGuPjsulK4CMjmJZBE6I6b2TxqBw-sHUdXepPFqMDJxzgpnoF2_zFvN22Kf5GLj9iEkk6RNb2neRTugvwxoBQTWoNzzLzsGcblt7zYxBh569L0v_e3ikkpyrHBY5IA2hDKI4Orxjbn67i9cldJu_6YJuV3XFlFdTi487kh6nOX2ZXKabBosn3AQvgC_DKsMFovi,
AC0603JR-0710ML,1,Yageo,AC0603JR-0710ML,https://octopart.com/ac0603jr-0710ml-yageo-30510839,Res Thick Film 0603 10M Ohm 5% 0.1W(1/10W) ±100ppm/°C Pad SMD Automotive T/R,Resistor,R65,AC0603JR-0710ML,,20w,Compliant,5,YAG3637CT-ND,603-AC0603JR-0710ML,Cut Tape,Tape & Reel,0.1,0.1,9144,30787,1,1,https://octopart.com/opatz8j6/a1?t=c4vhztTYOuA0lGX8tpc7_ReVuEGKTtZxyJJu_hqAE39HRb3pmyVbfIm_0NOOyvZMhyk3LAf0kXAAbAK5eyxFPNqrh4dPQdI0uQMyzCuduoCuZJeUJaWYkzm2aww_qfHbxhuZI3W9ZBu-NbB3Grcin0nYUVrgCzimPoQ3QsCG0dysLegOl5GzhlADs4IYbQyE6xZKjArKF_I4KNP7KM20bnwNziLUCMn8ExoS8zEpltoQl8G9ooEYs3KOXhQOG3vcjfcBKw,https://octopart.com/opatz8j6/a1?t=csNuhLmkOV12imaHBjQSaYAWxM9vPveBIJs3LVw9CiKX9oiGpIcJdRKes7VhCPATobblBuOpBLS6t147UlYENrMACzofIHGNRbL18o0jU_2k8N7zj-pQpb8h_Nnlkw_WpHYw2A46OAk130OPoSVtGhi0HGz43Nqn-nNpbMwQ77B-MLwTo_z8cpXnZ_2ezOQ1uUiiJz1jsOm5hv-ah49LEbu706u0B-94kXsn7MeFwNtThynfLyPY4Bis4u71vWBBPFTaYxM,Digi-Key,YAG3637CT-ND,Cut Tape,0.1,0.1,0.5,9144,1,https://octopart.com/opatz8j6/a1?t=c4vhztTYOuA0lGX8tpc7_ReVuEGKTtZxyJJu_hqAE39HRb3pmyVbfIm_0NOOyvZMhyk3LAf0kXAAbAK5eyxFPNqrh4dPQdI0uQMyzCuduoCuZJeUJaWYkzm2aww_qfHbxhuZI3W9ZBu-NbB3Grcin0nYUVrgCzimPoQ3QsCG0dysLegOl5GzhlADs4IYbQyE6xZKjArKF_I4KNP7KM20bnwNziLUCMn8ExoS8zEpltoQl8G9ooEYs3KOXhQOG3vcjfcBKw,
PA0805FRF470R005L,1,Yageo,PA0805FRF470R005L,https://octopart.com/pa0805frf470r005l-yageo-109011661,Resistor Current Sense Metal Substrate 0805 5mOhm ±1% 1/2W ±100ppm/°C Paper T/R Automotive,Resistor,R44,PA0805FRF470R005L,,20w,,5,13-PA0805FRF470R005LCT-ND,603-PA0805FRF470R05L,Cut Tape,Tape & Reel,0.37,0.36,6890,4661,1,1,https://octopart.com/opatz8j6/a1?t=rHmuZbIr5PIWSRU7gH06_EX1lnpF_DG6CH_l9rIhFlAsilwimRC2xx7ANzIxiakmk73CiykoBNOnE1sPvIji3YQINghozVlWCLW0KY7LqDmIgAURFnc4v6grEnr6pPcTDQIAy9kxxsMH8dmMqKMWrdM3wisj813BTZKL1jxSx0E_N7liv_SivIO3jx1n38sYjDrXHxrtTAqrU4W5BPb-S1xF_4PP6C6S5ay0JVCaeFY0hy-KGxjsFtx9XGihnfSyUQ-iYvQ,https://octopart.com/opatz8j6/a1?t=O1GBwWT_avd6D_irWg73JBeHh6snvPxnjDQbtAdT1nSceZdoZy2YGKDVoFDtNGzrZeMirfT34nF822AZ27u5uaWK210g4Vo1OjGCTKnVBl93pO-6vH1hkVR1KtB9eDEBSbXtq25SXrEAAWIBUtjn3kDjCRhFsspNheYdbZ_TmNu2oNhzF7GrfKLPw0CgJf4DM3gBEVwwQECMNVyCHiRwkQh9yIn7nn3ZmWZEFP8o-0raDPNQy4rDwktnWQtW2I6r0q4b_V_A,Mouser,603-PA0805FRF470R05L,Tape & Reel,0.36,0.36,1.7999999999999998,4661,1,https://octopart.com/opatz8j6/a1?t=O1GBwWT_avd6D_irWg73JBeHh6snvPxnjDQbtAdT1nSceZdoZy2YGKDVoFDtNGzrZeMirfT34nF822AZ27u5uaWK210g4Vo1OjGCTKnVBl93pO-6vH1hkVR1KtB9eDEBSbXtq25SXrEAAWIBUtjn3kDjCRhFsspNheYdbZ_TmNu2oNhzF7GrfKLPw0CgJf4DM3gBEVwwQECMNVyCHiRwkQh9yIn7nn3ZmWZEFP8o-0raDPNQy4rDwktnWQtW2I6r0q4b_V_A,
RC0402FR-1310RL,6,Yageo,RC0402FR-1310RL,https://octopart.com/rc0402fr-1310rl-yageo-42339770,Res Thick Film 0402 10 Ohm 1% 1/16W ±200ppm/°C Molded SMD SMD Paper T/R,Resistor,"R6,R7,R32,R33,R41,R42",RC0402FR-1310RL,,20w,Compliant,30,13-RC0402FR-1310RLTR-ND,603-RC0402FR-1310RL,Tape & Reel,Tape & Reel,,0.025,50000,111899,50000,1,https://octopart.com/opatz8j6/a1?t=aelAiAQiSzIii_r4HLMTpqBaG00ybvWBfjGuJB0ymmg2jy1G4EX4GmxSFa632vuGVdFVTszGgWYsXyyXl4-GUxuDvUsjn7Vf0iUfjWZWqL1bzGbWuxeoSJBVur4rEejZfwXBFimmTtV5_21tZAzV15TZLUlNsSq9YDTdZvXWGGrA514EMgo7bJQ3LXpCW-mBdbmJa-EY6nExuMR9k9x3Fgrx5YpNdUZCnviWhvShP6lsVSsvvBj_c7X_sYJkt7da33q-,https://octopart.com/opatz8j6/a1?t=gxLT7RKaXKJDJIw982PGXdG4t-NTFNeCbpDWUinOTxhUgCER8xolg5kCyG_ENE2rhwjd8mGGWgk2aAP7gSoaOGIJAlLx1sFIfhMg_QUoIpZkHNpLZnZdWWIF1RurVS3BdqnsbL_27yCQa003DjM9OTTywXIYrOdnBcJ_q7rDkykY5Bw7kBeiMCm9dhUruI0NgURER_0qB8FngdJTyDdUU6HGhu6qVsX2sz_1lxVE8gXGjYh2Qraz3-gmlmr1ypMAJ6_uMQ,Mouser,603-RC0402FR-1310RL,Tape & Reel,0.025,0.15000000000000002,0.75,111899,1,https://octopart.com/opatz8j6/a1?t=gxLT7RKaXKJDJIw982PGXdG4t-NTFNeCbpDWUinOTxhUgCER8xolg5kCyG_ENE2rhwjd8mGGWgk2aAP7gSoaOGIJAlLx1sFIfhMg_QUoIpZkHNpLZnZdWWIF1RurVS3BdqnsbL_27yCQa003DjM9OTTywXIYrOdnBcJ_q7rDkykY5Bw7kBeiMCm9dhUruI0NgURER_0qB8FngdJTyDdUU6HGhu6qVsX2sz_1lxVE8gXGjYh2Qraz3-gmlmr1ypMAJ6_uMQ,
RC0603JR-07110RL,1,Yageo,RC0603JR-07110RL,https://octopart.com/rc0603jr-07110rl-yageo-1224329,Res Thick Film 0603 110 Ohm 5% 1/10W ±100ppm/°C Molded SMD SMD Paper T/R,Resistor,R56,RC0603JR-07110RL,,20w,Compliant,5,311-110GRCT-ND,603-RC0603JR-07110RL,Cut Tape,Tape & Reel,0.1,0.1,79073,27298,1,1,https://octopart.com/opatz8j6/a1?t=FVAZyKLvFv1e2wQ_jGAj_vcyOncp3uTzrFXyr0L1s4GMRZT5GbzhryoSc7cHGP5T0B9u9tFKFVVo_8h-zul4BnM24gSCg-hIz8fmRfjLbkehcdAUWO4qH_YQ7JybiHAeM20VAxit_OfME1rDFlgiV_W3vhdzW_7e3ccocoZu3HNMzEAswob90LIzghkKIdvOiaml6TU06QVKckz9zIaS3H_Bt5SZUVUNQm5p2Iwo3BmpqpxQYzOW0R4KVLEefUonfQ,https://octopart.com/opatz8j6/a1?t=aBgdfga6QR_4j2Mqn2RF6t3xJqkZJ9KQ4LWoKsIYM7EccM7N-1UGiStyGVcdYV2fv9zMpoIcUitF8Vip0P_DvGLp2IF6EkxyGZXlAypIaXsrHCC3YygrEjuyD6aLcb5L5TCICIujzW4O_-daFyGglARmBTMy313Fu66SnRVqmUtmCOerAnf3ySm3Xegd9UVLYY850t10PObh8hFetF-5tHrswyi1qmCNXLxP_PJQAAMAhjxI212QD0NG4rqlJXcJ86akJg,Digi-Key,311-110GRCT-ND,Cut Tape,0.1,0.1,0.5,79073,1,https://octopart.com/opatz8j6/a1?t=FVAZyKLvFv1e2wQ_jGAj_vcyOncp3uTzrFXyr0L1s4GMRZT5GbzhryoSc7cHGP5T0B9u9tFKFVVo_8h-zul4BnM24gSCg-hIz8fmRfjLbkehcdAUWO4qH_YQ7JybiHAeM20VAxit_OfME1rDFlgiV_W3vhdzW_7e3ccocoZu3HNMzEAswob90LIzghkKIdvOiaml6TU06QVKckz9zIaS3H_Bt5SZUVUNQm5p2Iwo3BmpqpxQYzOW0R4KVLEefUonfQ,
YJL3416A,2,Yangjie Electronic Technology,YJL3416A,https://octopart.com/yjl3416a-yangjie+electronic+technology-117957607,20V 7A 1.3W 18m´Î@4.5V7A 1V@250Ã×A N Channel SOT-23 MOSFETs ROHS,"20V Vds, 0.63 Id, N-Channel MOSFET with ESD protection, SOT-523","Q3,Q4",YJL3416A,,8w,,10,3191-YJL3416ACT-ND,,Cut Tape,,0.226,,67,,1,,https://octopart.com/opatz8j6/a1?t=s_HAp8tMe0A5kITeBojBepaj0OAOPzha0sxVS4Rpgl1BHL1pKDjw7pcK87ruS72vBVf2u-GBaeF2edvxCVH5h4z1ojuCK1-wSrlynoo9R2Ffn9QOJQbguLawocpcmO3LhVeXr5vNix6WlEAMLMhTxvca3ylMz8INPS6Lkve7a1QQjGPt_rK8vI8JHzyDG7P1hb9N3UOsmxoT4TzrmWMgXLt3i-Ym2Sy_ZOTfSmjFC-T2UCwLEDgyDBBS3rGM1jeY_E8QJg,,Digi-Key,3191-YJL3416ACT-ND,Cut Tape,0.226,0.452,2.2600000000000002,67,1,https://octopart.com/opatz8j6/a1?t=s_HAp8tMe0A5kITeBojBepaj0OAOPzha0sxVS4Rpgl1BHL1pKDjw7pcK87ruS72vBVf2u-GBaeF2edvxCVH5h4z1ojuCK1-wSrlynoo9R2Ffn9QOJQbguLawocpcmO3LhVeXr5vNix6WlEAMLMhTxvca3ylMz8INPS6Lkve7a1QQjGPt_rK8vI8JHzyDG7P1hb9N3UOsmxoT4TzrmWMgXLt3i-Ym2Sy_ZOTfSmjFC-T2UCwLEDgyDBBS3rGM1jeY_E8QJg,